freq	siec	plant_tec	operator	unit	geo\TIME_PERIOD	1990	1991	1992	1993	1994	1995	1996	1997	1998	1999	2000	2001	2002	2003	2004	2005	2006	2007	2008	2009	2010	2011	2012	2013	2014	2015	2016	2017	2018	2019	2020	2021	2022	2023
A	CF	CAP_NET_ELC	PRR_MAIN	MW	AL	: 	: 	: 	: 	: 	: 	: 	: 	: 	: 	: 	: 	: 	: 	: 	: 	: 	: 	: 	: 	: 	0	97	98	98	98	98	98	98	98	98	98	98	98
A	CF	CAP_NET_ELC	PRR_MAIN	MW	AT	4743	4750	5133	5061	5079	5028	5031	5199	4917	5089	5062	5194	5049	5095	5321	5243	5280	5008	5874	5712	5582	6339	6347	6326	6136	5964	5561	5271.568	5244.463	4593.224	4608.505	4991.332	4360.461	4506.622
A	CF	CAP_NET_ELC	PRR_MAIN	MW	BA	: 	: 	: 	: 	: 	: 	: 	: 	: 	: 	: 	: 	: 	: 	: 	: 	: 	: 	: 	: 	: 	: 	: 	: 	1765	1765	2065	2065	2065.25	2066.22	2066.12	2067.74	2067.74	2067.74
A	CF	CAP_NET_ELC	PRR_MAIN	MW	BE	6490	6445	6394	6433	7298	7211	7126	6945	7650	7746	8105	7934	7930	7960	7964	8223	8313	8293	8165	8391	8397	9128	8182	7559	7202	7199	7167.9	7019.3	6667.4	6462.6	6403.8	6282	6278.1	6201.7
A	CF	CAP_NET_ELC	PRR_MAIN	MW	BG	0	0	0	0	0	0	0	0	4977	5172	5128	7043	6419	6419	6419	6419	6205	4710	4466	4325	4522	4495	4849	4636	4410	3854	3635	3550.967	3985.986	3936.461	3650.998	3682.936	5111.821	5177.911
A	CF	CAP_NET_ELC	PRR_MAIN	MW	CY	0	0	0	0	0	690	690	690	690	728	988	988	988	988	988	1118	1118	1118	1168	1389	1439	1555	1525	1481	1481	1481	1481	1480.19	1480.51	1480.51	1480.51	1480.436	1480.436	1484.936
A	CF	CAP_NET_ELC	PRR_MAIN	MW	CZ	10229	9898	9464	9357	9086	9143	9374	9471	9181	9142	9187	9221	9266	9373	9416	9321	9330	9318	9450	9626	10346	10244	10273	10498	11342	11275	11385	11582.3	11605.078	11290.027	10747.947	10269.351	10193.619	10268.072
A	CF	CAP_NET_ELC	PRR_MAIN	MW	DE	55632	70667	68737	67918	67572	68658	68841	69290	68508	68520	70792	69047	71072	66988	69939	68377	68717	70327	72299	73791	76351	80050	82912	82072	87747	86552	85409	83824	91301	89570	87357	88178	89170	88957
A	CF	CAP_NET_ELC	PRR_MAIN	MW	DK	8624	9024	9407	9674	9547	9914	9629	9909	9953	9591	9375	9431	9166	9180	9215	9258	9204	9228	9171	9250	8984	8977	8870	7836	7506	7520.704	7501.226	7285.763	7222.54	7201.832	7006.14	6909.061	6873.217	6847.652
A	CF	CAP_NET_ELC	PRR_MAIN	MW	EE	0	0	0	0	0	0	0	0	0	2834	2771	2415	2377	2379	2650	2492	2495	2544	2584	2537	2616	2621	2630	2637	2733	2526	2226	2183	2445	2280	2182	1670	1668	1663
A	CF	CAP_NET_ELC	PRR_MAIN	MW	EL	5900	6183	6222	6073	6153	6172	6356	6600	6902	7468	7392	7427	7992	8383	8602	9451	9440	9505	9517	9667	10075	10508	10704	10702	10427	10294	10231	10233.56	10075.52	10075.52	9403.52	9013.52	9819.52	9819.52
A	CF	CAP_NET_ELC	PRR_MAIN	MW	ES	19464	19545	19630	19697	19587.55	19922.35	20485.35	21030.55	21075.55	21176.55	21468.55	21771.55	23982.55	24313.5	28914.55	34189.55	37002.55	40708.55	41081.55	40947.205	43597.205	42880.205	42880.205	42880.205	42880.205	43168.905	42242.905	40298.905	39963.399	39718.213	35817.821	33848.721	33549.351	33532.431
A	CF	CAP_NET_ELC	PRR_MAIN	MW	FI	6460	6475	6479	7062	7134	7375	7388	8020	8278	8335	8428	8628	8618	8594	8541	8406	8468	8565	7693	7431	7571	7699	7707	8349	7735	7743	6826	6958	6863	6860	6433	6355	6297	6026
A	CF	CAP_NET_ELC	PRR_MAIN	MW	FR	16162	16127	16262	17233	17164	17550	17684	17813	17313	19696	21496	22546	23268	22998	22791	21835	21091	20991	21215	22971	24328	24806.11	23967.636	22030.042	20491.419	22335.737	21117.041	18269.47	17119.378	16997.728	17183.026	17459.666	17363.873	17288.102
A	CF	CAP_NET_ELC	PRR_MAIN	MW	GE	: 	: 	: 	: 	: 	: 	: 	: 	: 	: 	: 	: 	: 	: 	: 	: 	: 	: 	: 	: 	: 	: 	: 	: 	: 	: 	: 	: 	: 	: 	: 	: 	1126	1116.06
A	CF	CAP_NET_ELC	PRR_MAIN	MW	HR	0	0	0	0	0	0	0	0	0	0	0	0	0	0	0	1591	1591	1603	1603	1683	1688	1694	1698	1694	1696	1951	1961	1984.2	1980	1609	1380.6	1399.7	1412.1	1411.8
A	CF	CAP_NET_ELC	PRR_MAIN	MW	HU	5165	5172	5175	5155	5217	5329	5462	5464	5777	5762	6185	6282	6403	6203	6526	6519	6537	6472	6453	6547	6497	7097	6906	5831	6007	5856	5878	5867	5867	5873	5871	5875	5644	5655
A	CF	CAP_NET_ELC	PRR_MAIN	MW	IE	3225	3225	3337	3323	3296	3444	3573	3618	3768	3658	3936	3936	4629	4812.2	4798.7	4936.7	5322.924	5720.522	5490.453	5447.322	6206.432	6209.632	6068.162	6092.161	6088.034	6339.463	6333.278	6378.018	6375.713	6032.373	5928.373	5747.373	5609.044	5537.194
A	CF	CAP_NET_ELC	PRR_MAIN	MW	IT	31595	32534	35743	36620	37092	38573	39865	40888	41660	41917	54034	54310	54433	55861	54226	57409	60962	64325	67154	67231	68797	70501	72852	70664	67419	60575	57438	56426.202	55929.097	56027.873	55114.859	49765.7	50150.355	51218.982
A	CF	CAP_NET_ELC	PRR_MAIN	MW	LI	: 	: 	: 	: 	: 	: 	: 	: 	: 	: 	: 	: 	: 	: 	: 	: 	: 	: 	: 	: 	: 	: 	: 	: 	0	0	0	0	0	0	0	0	0	0
A	CF	CAP_NET_ELC	PRR_MAIN	MW	LT	2426	2426	2426	2426	2426	2422	2422	2422	2422	2422	2422	2425	2425	2428	2431	2433	2435	2292	2330	2337	2338	2339	2807	2830	2530	1931	1931	1577	1582	1582	1628	1625	1625	1675
A	CF	CAP_NET_ELC	PRR_MAIN	MW	LU	6	6	6	6	6	6	10	10	8	8	46.862	63.083	439.083	439.083	439.442	440.068	439.172	438.962	440.025	440.65	443.419	462.816	462.816	466.871	464.921	451.686	61.301	72.201	75.658	95.42	94.63	89.976	86.793	101.56
A	CF	CAP_NET_ELC	PRR_MAIN	MW	LV	520	520	520	520	520	520	520	520	540	545	546	552	562	566	568	576	563	558	575	921	935	944	984	1205	1224	1234	1251	1267.972	1239.323	1240.706	1242.552	1239.282	1206.522	1133.267
A	CF	CAP_NET_ELC	PRR_MAIN	MW	MD	: 	: 	: 	: 	: 	: 	: 	: 	: 	: 	: 	: 	: 	: 	: 	: 	: 	: 	: 	: 	: 	: 	: 	: 	: 	: 	: 	: 	: 	: 	: 	: 	361.5	361.4
A	CF	CAP_NET_ELC	PRR_MAIN	MW	ME	: 	: 	: 	: 	: 	: 	: 	: 	: 	: 	: 	: 	: 	: 	: 	210	210	210	210	225	225	225	225	225	225	225	225	225	225	225	225	225	225	225
A	CF	CAP_NET_ELC	PRR_MAIN	MW	MK	: 	: 	: 	: 	: 	: 	: 	: 	: 	: 	: 	: 	: 	: 	: 	: 	: 	: 	: 	: 	: 	1083	1104	1104	1074	1078	1109	1111	1111	1111.6	1111.6	1321.6	1322.997	1326
A	CF	CAP_NET_ELC	PRR_MAIN	MW	MT	0	0	0	0	0	0	0	0	0	0	0	0	0	0	0	0	571	571	571	571	571	571	620	620	620	590	475	590	590	590	590	590	498	484
A	CF	CAP_NET_ELC	PRR_MAIN	MW	NL	14719	14443	14348	14302	15133	15695	17461	17124	16562	16974	17316	16963	17204	16916	17194	17239	17293	17143	17476	18336	18993	19609	21203	21390	22092	20620.823	20444.823	18859.513	18857.663	18166.893	17770.034	17771.767	17724.057	17711.765
A	CF	CAP_NET_ELC	PRR_MAIN	MW	NO	: 	89	89	89	89	67	67	67	66	107	107	195	119	132	132	137	128	525	526	529	982	1013	1058	1047	1010	1010	520	535	521	522	402	439	289	186
A	CF	CAP_NET_ELC	PRR_MAIN	MW	PL	23632	24048	24246	24723	25344	25183	25523	25810	26001	26573	26485	26490	26684	27265	27501	27762	27821	27921	28194	28329	28115	28678	28600	28226	27942	27934	27895	31928.875	31219.964	30526.2	33638.226	32937.214	29780.418	29709.232
A	CF	CAP_NET_ELC	PRR_MAIN	MW	PT	3532	3559	3852	3877	3889	4215	4222	4229	4434	5194	5164	5188	5238	5532	6015	5971	6370	6253	6270	7167	8051	8051	7357	6409	6205	6205	6209	6205.39	6208.431	6280.654	6278.362	5098.362	4524.793	4524.7
A	CF	CAP_NET_ELC	PRR_MAIN	MW	RO	10000	10000	10000	10000	10000	10000	10000	10000	10000	10000	10000	10000	10000	10000	10000	11350	11375	11239	11159	10944	10962	10948	10425	9064	8981	8895	8887	8907.984	8872.571	6670.277	6309.096	4462.615	4838.765	3955.581
A	CF	CAP_NET_ELC	PRR_MAIN	MW	RS	: 	: 	: 	: 	: 	: 	: 	: 	: 	: 	: 	0	0	0	0	0	0	0	0	0	0	0	0	4171	4226	4250	4223	4223	4233	4343.533	4347.541	4357.525	4546.525	: 
A	CF	CAP_NET_ELC	PRR_MAIN	MW	SE	7041	7311	7168	7433	6996	6589	6954	6861	5638	6434	6572	6582	5422	6399	6440	6093	6784	6676	6438	7101	7598	5147	7124	6582	8076	7751	7495	6175	6978	6950	7020	6265	6268	6295
A	CF	CAP_NET_ELC	PRR_MAIN	MW	SI	0	0	1060	1010	1020	1013	1013	1013	1013	1013	1019	1238	1257	1260	1257	1279	1287	1289	1234	1242	1204	1213	1227	1214	1192	1086	1272	1285.774	1467.478	1467.816	1470.529	1528.811	1527.271	1621.164
A	CF	CAP_NET_ELC	PRR_MAIN	MW	SK	0	0	0	0	0	3218	3289	3704	3160	3133	2394	2563	2409	2467	2545	2565	2471	2024	1997	2246	2945	2820	2833	2847	2411	2119	2106	2012	1882	1873	1901	1658	1627	1625
A	CF	CAP_NET_ELC	PRR_MAIN	MW	TR	: 	: 	: 	: 	: 	: 	: 	: 	: 	: 	: 	13302	15933	19073	20420	22405	24206	24096	24612	26823	29676	31428	32266	35671	38047	37999	40055	42344.946	42261.642	42062.104	42112.684	42457.367	43841.374	43625.265
A	CF	CAP_NET_ELC	PRR_MAIN	MW	XK	: 	: 	: 	: 	: 	: 	: 	: 	: 	: 	: 	: 	: 	: 	: 	: 	: 	: 	: 	: 	: 	: 	: 	: 	: 	: 	: 	: 	: 	: 	: 	: 	: 	1288
A	N9000	CAP_NET_ELC	PRR_MAIN	MW	AL	: 	: 	: 	: 	: 	: 	: 	: 	: 	: 	: 	: 	: 	: 	: 	: 	: 	: 	: 	: 	: 	0	0	0	0	0	0	0	0	0	0	0	0	0
A	N9000	CAP_NET_ELC	PRR_MAIN	MW	AT	0	0	0	0	0	0	0	0	0	0	0	0	0	0	0	0	0	0	0	0	0	0	0	0	0	0	0	0	0	0	0	0	0	0
A	N9000	CAP_NET_ELC	PRR_MAIN	MW	BA	: 	: 	: 	: 	: 	: 	: 	: 	: 	: 	: 	: 	: 	: 	: 	: 	: 	: 	: 	: 	: 	: 	: 	: 	0	0	0	0	0	0	0	0	0	0
A	N9000	CAP_NET_ELC	PRR_MAIN	MW	BE	5500	5485	5485	5485	5528	5632	5693	5713	5722	5713	5713	5738	5761	5761	5761	5802	5825	5825	5825	5902	5927	5927	5927	5927	5927	5913	5913	5918	5918	5930	5942	5930	4924	3916
A	N9000	CAP_NET_ELC	PRR_MAIN	MW	BG	0	0	0	0	0	0	0	0	3532	3532	3532	3532	2722	2722	2722	2722	2722	1892	1892	1892	1892	1892	1906	1982	1975	1975	1967	1967	2008	2006	2006	2006	2006	2006
A	N9000	CAP_NET_ELC	PRR_MAIN	MW	CY	0	0	0	0	0	0	0	0	0	0	0	0	0	0	0	0	0	0	0	0	0	0	0	0	0	0	0	0	0	0	0	0	0	0
A	N9000	CAP_NET_ELC	PRR_MAIN	MW	CZ	1760	1760	1760	1760	1760	1760	1760	1760	1760	1760	1760	1760	2760	3760	3760	3760	3760	3760	3760	3830	3900	3970	4040	4290	4290	4290	4290	4290	4290	4290	4290	4290	4290	4290
A	N9000	CAP_NET_ELC	PRR_MAIN	MW	DE	22256	22377	22455	22507	22563	22684	22760	22164	22164	22179	22396	22396	23403	21439	20552	20378	20208	20208	20486	20480	20467	20467	12068	12068	12074	10799	10799	10799	10799	9525	8113	8113	4205	4205
A	N9000	CAP_NET_ELC	PRR_MAIN	MW	DK	0	0	0	0	0	0	0	0	0	0	0	0	0	0	0	0	0	0	0	0	0	0	0	0	0	0	0	0	0	0	0	0	0	0
A	N9000	CAP_NET_ELC	PRR_MAIN	MW	EE	0	0	0	0	0	0	0	0	0	0	0	0	0	0	0	0	0	0	0	0	0	0	0	0	0	0	0	0	0	0	0	0	0	0
A	N9000	CAP_NET_ELC	PRR_MAIN	MW	EL	0	0	0	0	0	0	0	0	0	0	0	0	0	0	0	0	0	0	0	0	0	0	0	0	0	0	0	0	0	0	0	0	0	0
A	N9000	CAP_NET_ELC	PRR_MAIN	MW	ES	6973	6987	7020	7020	7020	7068	7090	7250	7300	7354	7503	7519	7577	7581	7577	7577	7365	7365	7365	7365	7450	7450	7450	6984	7399	7399	7399	7117.29	7117.29	7117.29	7117.29	7117.29	7117.29	7117.29
A	N9000	CAP_NET_ELC	PRR_MAIN	MW	FI	2360	2360	2360	2360	2360	2310	2310	2550	2640	2640	2640	2640	2671	2671	2671	2671	2671	2671	2716	2716	2716	2716	2732	2752	2752	2752	2764	2779	2784	2794	2794	2794	2794	4394
A	N9000	CAP_NET_ELC	PRR_MAIN	MW	FR	55750	56780	57675	59020	58515	58515	59970	62875	61675	63183	63183	63183	63273	63363	63363	63260	63260	63260	63260	63130	63130	63130	63130	63130	63130	63130	63130	63130	63130	63130	61400	61400	61400	61400
A	N9000	CAP_NET_ELC	PRR_MAIN	MW	GE	: 	: 	: 	: 	: 	: 	: 	: 	: 	: 	: 	: 	: 	: 	: 	: 	: 	: 	: 	: 	: 	: 	: 	: 	: 	: 	: 	: 	: 	: 	: 	: 	0	0
A	N9000	CAP_NET_ELC	PRR_MAIN	MW	HR	0	0	0	0	0	0	0	0	0	0	0	0	0	0	0	0	0	0	0	0	0	0	0	0	0	0	0	0	0	0	0	0	0	0
A	N9000	CAP_NET_ELC	PRR_MAIN	MW	HU	1760	1760	1840	1840	1840	1840	1840	1840	1843	1840	1851	1866	1866	1866	1866	1866	1866	1825	1940	1940	2000	2000	2000	2000	2000	2000	2000	2000	2013	2013	2013	2027	2027	2027
A	N9000	CAP_NET_ELC	PRR_MAIN	MW	IE	0	0	0	0	0	0	0	0	0	0	0	0	0	0	0	0	0	0	0	0	0	0	0	0	0	0	0	0	0	0	0	0	0	0
A	N9000	CAP_NET_ELC	PRR_MAIN	MW	IT	0	0	0	0	0	0	0	0	0	0	0	0	0	0	0	0	0	0	0	0	0	0	0	0	0	0	0	0	0	0	0	0	0	0
A	N9000	CAP_NET_ELC	PRR_MAIN	MW	LI	: 	: 	: 	: 	: 	: 	: 	: 	: 	: 	: 	: 	: 	: 	: 	: 	: 	: 	: 	: 	: 	: 	: 	: 	0	0	0	0	0	0	0	0	0	0
A	N9000	CAP_NET_ELC	PRR_MAIN	MW	LT	2730	2730	2730	2730	2730	2730	2730	2367	2367	2367	2367	2367	2367	2367	2367	1183	1183	1183	1183	1183	0	0	0	0	0	0	0	0	0	0	0	0	0	0
A	N9000	CAP_NET_ELC	PRR_MAIN	MW	LU	0	0	0	0	0	0	0	0	0	0	0	0	0	0	0	0	0	0	0	0	0	0	0	0	0	0	0	0	0	0	0	0	0	0
A	N9000	CAP_NET_ELC	PRR_MAIN	MW	LV	0	0	0	0	0	0	0	0	0	0	0	0	0	0	0	0	0	0	0	0	0	0	0	0	0	0	0	0	0	0	0	0	0	0
A	N9000	CAP_NET_ELC	PRR_MAIN	MW	MD	: 	: 	: 	: 	: 	: 	: 	: 	: 	: 	: 	: 	: 	: 	: 	: 	: 	: 	: 	: 	: 	: 	: 	: 	: 	: 	: 	: 	: 	: 	: 	: 	0	0
A	N9000	CAP_NET_ELC	PRR_MAIN	MW	ME	: 	: 	: 	: 	: 	: 	: 	: 	: 	: 	: 	: 	: 	: 	: 	0	0	0	0	0	0	0	0	0	0	0	0	0	0	0	0	0	0	0
A	N9000	CAP_NET_ELC	PRR_MAIN	MW	MK	: 	: 	: 	: 	: 	: 	: 	: 	: 	: 	: 	: 	: 	: 	: 	: 	: 	: 	: 	: 	: 	0	0	0	0	0	0	0	0	0	0	0	0	0
A	N9000	CAP_NET_ELC	PRR_MAIN	MW	MT	0	0	0	0	0	0	0	0	0	0	0	0	0	0	0	0	0	0	0	0	0	0	0	0	0	0	0	0	0	0	0	0	0	0
A	N9000	CAP_NET_ELC	PRR_MAIN	MW	NL	508	505	505	505	505	505	505	449	449	449	449	449	449	449	449	449	510	510	510	510	510	510	510	485	485	512	512	512	512	512	512	512	512	512
A	N9000	CAP_NET_ELC	PRR_MAIN	MW	NO	: 	0	0	0	0	0	0	0	0	0	0	0	0	0	0	0	0	0	0	0	0	0	0	0	0	0	0	0	0	0	0	0	0	0
A	N9000	CAP_NET_ELC	PRR_MAIN	MW	PL	0	0	0	0	0	0	0	0	0	0	0	0	0	0	0	0	0	0	0	0	0	0	0	0	0	0	0	0	0	0	0	0	0	0
A	N9000	CAP_NET_ELC	PRR_MAIN	MW	PT	0	0	0	0	0	0	0	0	0	0	0	0	0	0	0	0	0	0	0	0	0	0	0	0	0	0	0	0	0	0	0	0	0	0
A	N9000	CAP_NET_ELC	PRR_MAIN	MW	RO	700	700	700	700	700	700	700	700	700	700	700	700	700	700	700	707	707	1411	1411	1411	1411	1411	1411	1411	1411	1411	1411	1411.3	1411.3	1411.3	1411.3	1411.3	1411.3	1411.3
A	N9000	CAP_NET_ELC	PRR_MAIN	MW	RS	: 	: 	: 	: 	: 	: 	: 	: 	: 	: 	: 	0	0	0	0	0	0	0	0	0	0	0	0	0	0	0	0	0	0	0	0	0	0	: 
A	N9000	CAP_NET_ELC	PRR_MAIN	MW	SE	9970	10000	10000	10000	10040	10055	10055	10083	10083	10076	9461	9436	9452	9441	9471	9471	9454	9074	8938	8839	8977	9323	9436	9408	9507	9688	9768	8999	8656	8624	7777	6899	6901	7001
A	N9000	CAP_NET_ELC	PRR_MAIN	MW	SI	0	0	632	632	664	664	664	664	664	664	656	656	656	656	656	656	666	666	666	666	666	688	688	688	688	688	688	688	688	688	688	688	688	688
A	N9000	CAP_NET_ELC	PRR_MAIN	MW	SK	0	0	0	0	0	1760	1760	1760	2200	2200	2640	2640	2640	2640	2640	2640	2640	2200	2200	1820	1820	1940	1939	1940	1940	1940	1940	1940	1940	1940	1971	2003	2003	2003
A	N9000	CAP_NET_ELC	PRR_MAIN	MW	TR	: 	: 	: 	: 	: 	: 	: 	: 	: 	: 	: 	0	0	0	0	0	0	0	0	0	0	0	0	0	0	0	0	0	0	0	0	0	0	0
A	N9000	CAP_NET_ELC	PRR_MAIN	MW	XK	: 	: 	: 	: 	: 	: 	: 	: 	: 	: 	: 	: 	: 	: 	: 	: 	: 	: 	: 	: 	: 	: 	: 	: 	: 	: 	: 	: 	: 	: 	: 	: 	: 	0
A	RA100	CAP_NET_ELC	PRR_MAIN	MW	AL	: 	: 	: 	: 	: 	: 	: 	: 	: 	: 	: 	: 	: 	: 	: 	: 	: 	: 	: 	: 	: 	1508	1628	1781	1725	1798	1913	2047	2105	2162	2387	2507	2493	2518.86
A	RA100	CAP_NET_ELC	PRR_MAIN	MW	AT	10347	10442	10521	10447	10500	10577	10654	10809	10961	10945	11055	11028	10965	11004	11040	11258.985	11283.113	11445.085	11897.846	12081.646	12346.625	12642.227	12773.726	12848.233	12997.089	13112.909	13570.598	13717.985	14088.138	14162	14199.268	14313.602	14492.012	14536.454
A	RA100	CAP_NET_ELC	PRR_MAIN	MW	BA	: 	: 	: 	: 	: 	: 	: 	: 	: 	: 	: 	: 	: 	: 	: 	: 	: 	: 	: 	: 	: 	: 	: 	: 	2049	2055	2084	2211	2235.6	2238.84	2248.79	2256.78	2258.49	2262.48
A	RA100	CAP_NET_ELC	PRR_MAIN	MW	BE	1401	1401	1401	1402	1402	1403	1403	1403	1404	1410	1413	1421	1421	1420	1425	1412	1414	1417	1418	1417	1425	1426	1427	1426	1428	1419	1416.1	1414	1414.8	1411.1	1412.8	1417.7	1430.3	1431.3
A	RA100	CAP_NET_ELC	PRR_MAIN	MW	BG	1975	1975	1975	1975	1975	1975	1975	2383	2388	2394	1880	1705	1948	2515	2848	2848	2848	2876	2984	3001	3048	3108	3181	3203	3219	3219	3223	3371.55	3379	3378.35	3376.456	3369.233	3348.185	3350.28
A	RA100	CAP_NET_ELC	PRR_MAIN	MW	CY	0	0	0	0	0	0	0	0	0	0	0	0	0	0	0	0	0	0	0	0	0	0	0	0	0	0	0	0	0	0	0	0	0	0
A	RA100	CAP_NET_ELC	PRR_MAIN	MW	CZ	1359	1359	1371	1371	1367	1369	1984	1976	1979	2000	2003	2006	2010	2026	2005	2012	2012	2020	2023	2023	2023	2023	2029	2064	2062	2069	2071	2080.89	2080.598	2080.955	2081.012	2100.775	2100.007	2148.13
A	RA100	CAP_NET_ELC	PRR_MAIN	MW	DE	7641	8033	8089	8140	8320	8351	8467	8382	8442	8765	9485	9393	9504	9188	10029	10779	10757	10754	10726	11158	11144	11367	11185	11197	11190	11212	11164	11078	10652	10698	10773	10809	10888	10916
A	RA100	CAP_NET_ELC	PRR_MAIN	MW	DK	10	9	10	10	9	10	10	10	11	11	10	11	11	11	11	11	9	9	9	9	9	9	9	9	9	6.878	9.267	7.153	7.153	7.163	7.163	7.123	7.123	7.091
A	RA100	CAP_NET_ELC	PRR_MAIN	MW	EE	0	0	0	0	0	1	1	1	1	1	2	2	3	4	4	5	5	5	5	7	6	5	8	8	5	6	6	7.3	7.3	6	8	6	8	10
A	RA100	CAP_NET_ELC	PRR_MAIN	MW	EL	2408	2512	2523	2523	2523	2523	2522	2727	2856	2959	3072	3076	3078	3079	3099	3106	3134	3150	3176	3201	3215	3224	3236	3238	3389	3392	3392	3392	3409	3412	3417	3421	3421	3459
A	RA100	CAP_NET_ELC	PRR_MAIN	MW	ES	14903	14986	15041	15041	15176	15988	16238	16111	16031	16275	17589	17661	17697	17777	17897	17940	18037	18082	18159	18184	18212	18197	18207	18818	18856	19686	19711	19710	19710.572	19744.667	19747.592	19763.368	19768.093	19771.211
A	RA100	CAP_NET_ELC	PRR_MAIN	MW	FI	2621	2648	2679	2731	2736	2777	2785	2861	2881	2881	2687	2731	2769	2771	2804	2840	2867	2907	2811	2834	2844	2885	2913	2922	2946	2947	2947	2968	2963	2949	2959	2989	2989	2987
A	RA100	CAP_NET_ELC	PRR_MAIN	MW	FR	22953	23019	23101	23106	23122	23111	23146	23161	23166	23077	24987	25013	25099	25036	24923	24939	24949	24965	24932	25013	25222	25452.357	25467.83	25456.649	25396.603	25367.355	25434.546	25516.797	25541.58	25673.477	25759.391	25795.33	25763.887	26116.138
A	RA100	CAP_NET_ELC	PRR_MAIN	MW	GE	: 	: 	: 	: 	: 	: 	: 	: 	: 	: 	: 	: 	: 	: 	: 	: 	: 	: 	: 	: 	: 	: 	: 	: 	: 	: 	: 	: 	: 	: 	: 	: 	3041.91	3097.031
A	RA100	CAP_NET_ELC	PRR_MAIN	MW	HR	2046	2046	2046	2049	2049	2060	2067	2067	2067	2067	2067	2067	2054	2064	2071	2061	2061	2061	2061	2078	2127	2127	2127	2176	2178.1	2192.1	2189.1	2190.3	2196.8	2197	2197.2	2198.2	2203.4	2189.9
A	RA100	CAP_NET_ELC	PRR_MAIN	MW	HU	48	48	48	48	48	48	48	48	48	48	48	48	48	54	49	49	49	49	51	53	53	55	56	57	57	57	57	57	57	58	58	60	60	60
A	RA100	CAP_NET_ELC	PRR_MAIN	MW	IE	513	516	516	516	517	517	522	525	525	528	528	530	532	532	532	526	526	526	526	526	237	237	529	529	529	529	529	529	529	529	529	529	529	529
A	RA100	CAP_NET_ELC	PRR_MAIN	MW	IT	17039	17349	17613	17901	17926	18022	18040	18110	18142	18501	20346	20434	20514	20660	20538	20794	20870	20929	21090	21195	21348	21568	21752	21890	21979	22099	22181	22307.16	22393.119	22434.666	22604.426	22647.728	22755.278	22801.353
A	RA100	CAP_NET_ELC	PRR_MAIN	MW	LI	: 	: 	: 	: 	: 	: 	: 	: 	: 	: 	: 	: 	: 	: 	: 	: 	: 	: 	: 	: 	: 	: 	: 	: 	0	0	0	0	0	0	0	0	0	0
A	RA100	CAP_NET_ELC	PRR_MAIN	MW	LT	95	95	475	475	665	665	665	668	858	860	863	863	863	869	870	877	877	875	875	876	876	876	876	876	877	877	877	877	877	877	877	877	877	877
A	RA100	CAP_NET_ELC	PRR_MAIN	MW	LU	1132	1132	1132	1132	1132	1132	1132	1132	1132	1132	1132.3	1132.3	1132.3	1132.3	1132.3	1132.3	1132.3	1132.3	1132.3	1132.3	1132.3	1132.3	1132.3	1132.3	1328.3	1328.3	1328.3	1328.58	1328.508	1328.508	1328.508	1328.508	1328.508	1328.508
A	RA100	CAP_NET_ELC	PRR_MAIN	MW	LV	1487	1487	1487	1503	1504	1507	1520	1517	1521	1505	1511	1520	1523	1531	1530	1530	1531	1531	1531	1531	1571	1571	1573	1585.525	1586.748	1586.693	1563.196	1563.26	1563.339	1585.204	1584.755	1585.703	1586.203	1585.934
A	RA100	CAP_NET_ELC	PRR_MAIN	MW	MD	: 	: 	: 	: 	: 	: 	: 	: 	: 	: 	: 	: 	: 	: 	: 	: 	: 	: 	: 	: 	: 	: 	: 	: 	: 	: 	: 	: 	: 	: 	: 	: 	16.3	16.3
A	RA100	CAP_NET_ELC	PRR_MAIN	MW	ME	: 	: 	: 	: 	: 	: 	: 	: 	: 	: 	: 	: 	: 	: 	: 	629	629	629	629	629	629	629	629	629.844	652.688	661.923	668.156	674.812	675.607	676.243	696.685	696.685	696.685	696.685
A	RA100	CAP_NET_ELC	PRR_MAIN	MW	MK	: 	: 	: 	: 	: 	: 	: 	: 	: 	: 	: 	: 	: 	: 	: 	: 	: 	: 	: 	: 	: 	556	595	617	630	658	661.132	688.23	692.97	698.08	705.85	706	719	720
A	RA100	CAP_NET_ELC	PRR_MAIN	MW	MT	0	0	0	0	0	0	0	0	0	0	0	0	0	0	0	0	0	0	0	0	0	0	0	0	0	0	0	0	0	0	0	0	0	0
A	RA100	CAP_NET_ELC	PRR_MAIN	MW	NL	37	37	37	37	37	37	37	37	37	37	37	37	37	37	37	37	37	37	37	37	37	37	37	37	37	37	37	37	37	37	37	37.7	37.7	37.7
A	RA100	CAP_NET_ELC	PRR_MAIN	MW	NO	: 	24083	24099	24062	23962	25579	25791	25617	25291	25709	25957	25526	27079	27175	27226	27735	27868	28089	28525	28651	29693	29969	30509	31033	31240	31372	31817	31912	32530	32797	33732	34075	34269	34291
A	RA100	CAP_NET_ELC	PRR_MAIN	MW	PL	1887	1923	2049	2056	2070	2063	2073	2076	2174	2178	2182	2233	2206	2272	2281	2320	2330	2327	2334	2337	2341	2345	2350	2354	2363	2369	2385	2389.559	2390.768	2396.512	2399.102	2397.048	2406.349	2409.909
A	RA100	CAP_NET_ELC	PRR_MAIN	MW	PT	3356	3336	3692	4144	4197	4470	4486	4492	4497	4519	4529	4554	4577	4577	4825	5011	5047	5056	5053	5085	5100	5529	5706	5655	5709	6162	6954	7219.731	7229.642	7255.885	7234.706	7248.711	8182.636	8180.364
A	RA100	CAP_NET_ELC	PRR_MAIN	MW	RO	5687	5687	5687	5872	5938	5998	6038	6074	6081	6082	6120	6122	6242	6248	6278	6266	6247	6289	6302	6368	6391	6411	6455	6509	6523	6619	6644	6610.437	6617.714	6602.737	6565.675	6575.575	6569.261	6580.582
A	RA100	CAP_NET_ELC	PRR_MAIN	MW	RS	: 	: 	: 	: 	: 	: 	: 	: 	: 	: 	: 	2886.879	2886.879	2886.879	2886.879	2886.879	2886.879	2886.879	2886.879	2888.879	2907.206	2935.997	2965.53	2931	3017	3022	3030	3038	3043	3074	3082.3	3084.992	3107.471	: 
A	RA100	CAP_NET_ELC	PRR_MAIN	MW	SE	15391	15378	15444	15552	15760	15414	15661	15959	16183	16374	16469	16511	16187	16098	16342	16342	16268	16634	16434	16649	16729	16574	16411	16485	15987	16321	16454	16484	16413	16444	16406	16407	16399	16406
A	RA100	CAP_NET_ELC	PRR_MAIN	MW	SI	728	728	728	728	728	730	707	707	783	788	753	797	844	868	869	875	905	906	913	954	1138	1137	1138	1183	1180	1179	1177	1230.926	1227.716	1230.09	1230.273	1230.305	1224.228	1244.879
A	RA100	CAP_NET_ELC	PRR_MAIN	MW	SK	0	0	0	0	0	2260	2390	2399	2417	2419	2420	2408	2411	2413	2493	2488	2488	2490	2523	2462	2491	2494	2493	2493	2493	2495	2493	2493	2496	2494	2496	2498	2497	2497
A	RA100	CAP_NET_ELC	PRR_MAIN	MW	TR	: 	: 	: 	: 	: 	: 	: 	: 	: 	: 	: 	11620	12141	11939	11991	12343	12500	12837	13275	14009	15287	16593	19065	21745	23099	25324	26131	26722	27740.1	27950.658	30426.351	31477.836	31558.033	31949.433
A	RA100	CAP_NET_ELC	PRR_MAIN	MW	XK	: 	: 	: 	: 	: 	: 	: 	: 	: 	: 	: 	: 	: 	: 	: 	: 	: 	: 	: 	: 	: 	: 	: 	: 	: 	: 	: 	: 	: 	: 	: 	: 	: 	121.67
A	RA110	CAP_NET_ELC	PRR_MAIN	MW	AL	: 	: 	: 	: 	: 	: 	: 	: 	: 	: 	: 	: 	: 	: 	: 	: 	: 	: 	: 	: 	: 	1508	1628	1781	1725	1798	1913	2047	2105	2162	2387	2507	2493	2518.86
A	RA110	CAP_NET_ELC	PRR_MAIN	MW	AT	6428	6523	6602	6528	6564	6641	6717	6872	7024	7008	7118	7091	7028	7066	7075	7294.355	7318.513	7480.485	7483.329	7463.129	7554.108	7609.01	7665.509	7737.016	7786.462	7919.519	7947.208	8073.705	8422.858	8488.72	8467.968	8552.322	8695.732	8974.974
A	RA110	CAP_NET_ELC	PRR_MAIN	MW	BA	: 	: 	: 	: 	: 	: 	: 	: 	: 	: 	: 	: 	: 	: 	: 	: 	: 	: 	: 	: 	: 	: 	: 	: 	2049	2055	2084	1791	1815.6	1818.84	1828.79	1836.78	1838.49	1842.48
A	RA110	CAP_NET_ELC	PRR_MAIN	MW	BE	94	94	94	95	95	96	96	96	97	103	103	111	111	110	115	105	107	110	111	110	118	119	120	119	121	112	109.1	107	107.8	104.1	105.8	110.7	123.3	124.3
A	RA110	CAP_NET_ELC	PRR_MAIN	MW	BG	1826	1826	1826	1826	1826	1394	1394	1802	1807	1381	867	692	935	1502	1835	1835	1835	1863	1971	1988	2035	2095	2168	2190	2206	2206	2210	2358.55	2366	2365.35	2363.456	2356.233	2335.185	2337.28
A	RA110	CAP_NET_ELC	PRR_MAIN	MW	CY	0	0	0	0	0	0	0	0	0	0	0	0	0	0	0	0	0	0	0	0	0	0	0	0	0	0	0	0	0	0	0	0	0	0
A	RA110	CAP_NET_ELC	PRR_MAIN	MW	CZ	868	868	880	880	876	878	838	831	834	855	858	861	865	881	860	865	865	873	876	876	876	876	882	892	890	897	899	908.89	909.098	909.455	909.512	929.275	928.507	976.63
A	RA110	CAP_NET_ELC	PRR_MAIN	MW	DE	2917	2942	2929	2980	3100	3247	3238	3258	3360	3556	4086	4101	4108	3992	4134	4055	4032	4004	4025	4203	4178	4400	4379	4391	4380	4390	4399	4407	4168	4214	4285	4321	4401	4531
A	RA110	CAP_NET_ELC	PRR_MAIN	MW	DK	10	9	10	10	9	10	10	10	11	11	10	11	11	11	11	11	9	9	9	9	9	9	9	9	9	6.878	9.267	7.153	7.153	7.163	7.163	7.123	7.123	7.091
A	RA110	CAP_NET_ELC	PRR_MAIN	MW	EE	0	0	0	0	0	1	1	1	1	1	2	2	3	4	4	5	5	5	5	7	6	5	8	8	5	6	6	7.3	7.3	6	8	6	8	10
A	RA110	CAP_NET_ELC	PRR_MAIN	MW	EL	2093	2197	2208	2208	2208	2208	2207	2412	2241	2344	2373	2377	2379	2380	2400	2407	2435	2451	2477	2502	2516	2525	2537	2539	2690	2693	2693	2693	2710	2713	2718	2722	2722	2760
A	RA110	CAP_NET_ELC	PRR_MAIN	MW	ES	9581.56	9664.56	9719.56	9719.56	9651.36	10463.36	10713.36	10586.36	10506.36	10750.36	12064.36	12136.36	12172.36	12252.36	12372.36	12415.36	12512.36	12557.36	12634.36	12659.36	12687.36	12672.36	12682.36	12415.41	12453.41	13283.41	13308.41	13307.41	13307.982	13342.077	13345.002	13360.778	13365.503	13368.621
A	RA110	CAP_NET_ELC	PRR_MAIN	MW	FI	2621	2648	2679	2731	2736	2777	2785	2861	2881	2881	2687	2731	2769	2771	2804	2840	2867	2907	2811	2834	2844	2885	2913	2922	2946	2947	2947	2968	2963	2949	2959	2989	2989	2987
A	RA110	CAP_NET_ELC	PRR_MAIN	MW	FR	15997	15932	16010	16017	16033	16022	16071	16089	16094	15909	17479	17508	17596	17733	17618	17617	17627	17642	17734	17814	17953	18182.513	18198.869	18190.267	18211.741	18231.064	18300.02	18371.167	18395.082	18451.544	18672.136	18694.752	18663.937	19015.708
A	RA110	CAP_NET_ELC	PRR_MAIN	MW	GE	: 	: 	: 	: 	: 	: 	: 	: 	: 	: 	: 	: 	: 	: 	: 	: 	: 	: 	: 	: 	: 	: 	: 	: 	: 	: 	: 	: 	: 	: 	: 	: 	3041.91	3097.031
A	RA110	CAP_NET_ELC	PRR_MAIN	MW	HR	1782	1782	1782	1785	1785	1788	1788	1788	1788	1788	1788	1788	1775	1783	1790	1780	1780	1780	1780	1797	1846	1846	1846	1895	1896.8	1910.8	1907.8	1908.9	1921.4	1921.6	1921.8	1922.8	1928.1	1908.9
A	RA110	CAP_NET_ELC	PRR_MAIN	MW	HU	48	48	48	48	48	48	48	48	48	48	48	48	48	54	49	49	49	49	51	53	53	55	56	57	57	57	57	57	57	58	58	60	60	60
A	RA110	CAP_NET_ELC	PRR_MAIN	MW	IE	223	226	226	226	227	227	232	233	233	236	236	238	240	240	240	234	234	234	234	234	237	237	237	237	237	237	237	237	237	237	237	237	237	237
A	RA110	CAP_NET_ELC	PRR_MAIN	MW	IT	10851	10963	10980	11020	11045	11142	11163	11224	11142	11474	13389	13456	13557	13703	13583	13691	13326	13385	13546	13651	13804	14024	14197	14335	14387	14507	14874	14990.178	15076.137	15190.677	15352.444	15426.796	15493.211	15549.333
A	RA110	CAP_NET_ELC	PRR_MAIN	MW	LI	: 	: 	: 	: 	: 	: 	: 	: 	: 	: 	: 	: 	: 	: 	: 	: 	: 	: 	: 	: 	: 	: 	: 	: 	0	0	0	0	0	0	0	0	0	0
A	RA110	CAP_NET_ELC	PRR_MAIN	MW	LT	95	95	95	95	95	95	95	98	98	100	103	103	103	109	110	117	117	115	115	116	116	116	116	116	117	117	117	117	117	117	117	117	117	117
A	RA110	CAP_NET_ELC	PRR_MAIN	MW	LU	32	32	32	32	32	32	32	32	32	32	32.3	32.3	32.3	32.3	32.3	32.3	32.3	32.3	32.3	32.3	32.3	32.3	32.3	32.3	32.3	32.3	32.3	32.58	32.508	32.508	32.508	32.508	32.508	32.508
A	RA110	CAP_NET_ELC	PRR_MAIN	MW	LV	1487	1487	1487	1503	1504	1507	1520	1517	1521	1505	1511	1520	1523	1531	1530	1530	1531	1531	1531	1531	1571	1571	1573	1585.525	1586.748	1586.693	1563.196	1563.26	1563.339	1585.204	1584.755	1585.703	1586.203	1585.934
A	RA110	CAP_NET_ELC	PRR_MAIN	MW	MD	: 	: 	: 	: 	: 	: 	: 	: 	: 	: 	: 	: 	: 	: 	: 	: 	: 	: 	: 	: 	: 	: 	: 	: 	: 	: 	: 	: 	: 	: 	: 	: 	16.3	16.3
A	RA110	CAP_NET_ELC	PRR_MAIN	MW	ME	: 	: 	: 	: 	: 	: 	: 	: 	: 	: 	: 	: 	: 	: 	: 	629	629	629	629	629	629	629	629	629.844	652.688	661.923	668.156	674.812	675.607	676.243	696.685	696.685	696.685	696.685
A	RA110	CAP_NET_ELC	PRR_MAIN	MW	MK	: 	: 	: 	: 	: 	: 	: 	: 	: 	: 	: 	: 	: 	: 	: 	: 	: 	: 	: 	: 	: 	556	595	617	630	658	661.132	688.23	692.97	698.08	705.85	706	719	720
A	RA110	CAP_NET_ELC	PRR_MAIN	MW	MT	0	0	0	0	0	0	0	0	0	0	0	0	0	0	0	0	0	0	0	0	0	0	0	0	0	0	0	0	0	0	0	0	0	0
A	RA110	CAP_NET_ELC	PRR_MAIN	MW	NL	37	37	37	37	37	37	37	37	37	37	37	37	37	37	37	37	37	37	37	37	37	37	37	37	37	37	37	37	37	37	37	37.7	37.7	37.7
A	RA110	CAP_NET_ELC	PRR_MAIN	MW	NO	: 	23016	23032	22995	22895	24943	25156	24982	24665	25083	24806	24373	25807	26170	25992	26484	26615	26857	27211	27337	28367	28618	29158	29682	29889	29939	30281	30382	31120	31387	32285.3	32628.3	32822.3	32844.3
A	RA110	CAP_NET_ELC	PRR_MAIN	MW	PL	466	466	467	474	488	481	491	494	500	504	508	516	516	523	534	541	548	545	552	555	559	563	568	572	581	587	596	590.609	591.818	597.562	600.152	598.098	607.399	610.959
A	RA110	CAP_NET_ELC	PRR_MAIN	MW	PT	2763	2743	3099	3551	3604	3853	3869	3875	3880	3902	3912	3937	3960	3960	3968	3962.1	3998.1	4007.1	4004.1	4036.1	4051.1	4484.3	4407.9	4356.9	4362	4440	4452.3	4455.331	4465.242	4491.485	4470.306	4484.311	4535.416	4533.144
A	RA110	CAP_NET_ELC	PRR_MAIN	MW	RO	5687	5687	5687	5872	5938	5998	6038	6074	6081	6082	6120	6122	6242	6248	6278	6266	6247	6289	6302	6276	6299	6319	6363	6148	6166	6248	6287	6246.648	6258.6	6234.437	6196.506	6206.175	6199.861	6211.182
A	RA110	CAP_NET_ELC	PRR_MAIN	MW	RS	: 	: 	: 	: 	: 	: 	: 	: 	: 	: 	: 	2272.879	2272.879	2272.879	2272.879	2272.879	2272.879	2272.879	2272.879	2274.879	2293.206	2321.997	2351.53	2317	2403	2408	2416	2295	2300	2331	2339.3	2341.992	2364.471	: 
A	RA110	CAP_NET_ELC	PRR_MAIN	MW	SE	14964	14951	15017	15125	15333	14987	15234	15868	16092	16355	16450	16466	16142	16053	16299	16299	16232	16589	16349	16541	16621	16475	16312	16386	15888	16222	16355	16385	16314	16345	16307	16308	16300	16307
A	RA110	CAP_NET_ELC	PRR_MAIN	MW	SI	728	728	728	728	728	730	707	707	783	788	753	797	844	868	869	875	905	906	913	954	958	957	958	1003	1000	999	997	1050.926	1047.716	1050.09	1050.273	1050.305	1044.228	1064.879
A	RA110	CAP_NET_ELC	PRR_MAIN	MW	SK	0	0	0	0	0	1525	1655	1664	1682	1684	1685	1492	1492	1494	1577	1572	1572	1574	1607	1546	1575	1578	1577	1577	1577	1579	1577	1577	1580	1578	1580	1582	1581	1581
A	RA110	CAP_NET_ELC	PRR_MAIN	MW	TR	: 	: 	: 	: 	: 	: 	: 	: 	: 	: 	: 	11620	12141	11939	11991	12343	12500	12837	13275	14009	15287	16593	19065	21745	23099	25324	26131	26722	27740.1	27950.658	30426.351	31477.836	31558.033	31949.433
A	RA110	CAP_NET_ELC	PRR_MAIN	MW	XK	: 	: 	: 	: 	: 	: 	: 	: 	: 	: 	: 	: 	: 	: 	: 	: 	: 	: 	: 	: 	: 	: 	: 	: 	: 	: 	: 	: 	: 	: 	: 	: 	: 	121.67
A	RA120	CAP_NET_ELC	PRR_MAIN	MW	AL	: 	: 	: 	: 	: 	: 	: 	: 	: 	: 	: 	: 	: 	: 	: 	: 	: 	: 	: 	: 	: 	0	0	0	0	0	0	0	0	0	0	0	0	0
A	RA120	CAP_NET_ELC	PRR_MAIN	MW	AT	3919	3919	3919	3919	3936	3936	3937	3937	3937	3937	3937	3937	3937	3938	3965	3964.63	3964.6	3964.6	4414.517	4618.517	4792.517	5033.217	5108.217	5111.217	5210.627	5193.39	5623.39	5644.28	5665.28	5673.28	5731.3	5761.28	5796.28	5561.48
A	RA120	CAP_NET_ELC	PRR_MAIN	MW	BA	: 	: 	: 	: 	: 	: 	: 	: 	: 	: 	: 	: 	: 	: 	: 	: 	: 	: 	: 	: 	: 	: 	: 	: 	0	0	0	420	420	420	420	420	420	420
A	RA120	CAP_NET_ELC	PRR_MAIN	MW	BE	0	0	0	0	0	0	0	0	0	0	0	0	0	0	0	0	0	0	0	0	0	0	0	0	0	0	0	0	0	0	0	0	0	0
A	RA120	CAP_NET_ELC	PRR_MAIN	MW	BG	149	149	149	149	149	149	149	149	149	149	149	149	149	149	149	149	149	149	149	149	149	149	149	149	149	149	149	149	149	149	149	149	149	149
A	RA120	CAP_NET_ELC	PRR_MAIN	MW	CY	0	0	0	0	0	0	0	0	0	0	0	0	0	0	0	0	0	0	0	0	0	0	0	0	0	0	0	0	0	0	0	0	0	0
A	RA120	CAP_NET_ELC	PRR_MAIN	MW	CZ	0	0	0	0	0	0	0	0	0	0	0	0	0	0	0	0	0	0	0	0	0	0	0	0	0	0	0	0	0	0	0	0	0	0
A	RA120	CAP_NET_ELC	PRR_MAIN	MW	DE	672	723	732	732	740	724	742	727	727	745	745	730	744	865	977	1076	1076	1054	1060	1057	1155	1156	1156	1156	1156	1156	1187	1178	1129	1129	1134	1134	1134	1040
A	RA120	CAP_NET_ELC	PRR_MAIN	MW	DK	0	0	0	0	0	0	0	0	0	0	0	0	0	0	0	0	0	0	0	0	0	0	0	0	0	0	0	0	0	0	0	0	0	0
A	RA120	CAP_NET_ELC	PRR_MAIN	MW	EE	0	0	0	0	0	0	0	0	0	0	0	0	0	0	0	0	0	0	0	0	0	0	0	0	0	0	0	0	0	0	0	0	0	0
A	RA120	CAP_NET_ELC	PRR_MAIN	MW	EL	315	315	315	315	315	315	315	315	615	615	699	699	699	699	699	699	699	699	699	699	699	699	699	699	699	699	699	699	699	699	699	699	699	699
A	RA120	CAP_NET_ELC	PRR_MAIN	MW	ES	2867.99	2867.99	2867.99	2867.99	3071.19	3071.19	3071.19	3071.19	3071.19	3071.19	3071.19	3071.19	3071.19	3071.19	3071.19	3071.19	3071.19	3071.19	3071.19	3071.19	3071.19	3071.19	3071.19	3071.19	3071.19	3071.19	3071.19	3071.19	3071.19	3071.19	3071.19	3071.19	3071.19	3071.19
A	RA120	CAP_NET_ELC	PRR_MAIN	MW	FI	0	0	0	0	0	0	0	0	0	0	0	0	0	0	0	0	0	0	0	0	0	0	0	0	0	0	0	0	0	0	0	0	0	0
A	RA120	CAP_NET_ELC	PRR_MAIN	MW	FR	5164	5238	5242	5242	5242	5242	5228	5225	5225	5310	5651	5648	5646	5502	5504	5521	5521	5522	5390	5391	5461	5462.184	5461.301	5458.722	5457.202	5408.631	5406.826	5417.93	5418.798	5494.233	5359.595	5372.918	5372.29	5372.77
A	RA120	CAP_NET_ELC	PRR_MAIN	MW	GE	: 	: 	: 	: 	: 	: 	: 	: 	: 	: 	: 	: 	: 	: 	: 	: 	: 	: 	: 	: 	: 	: 	: 	: 	: 	: 	: 	: 	: 	: 	: 	: 	0	0
A	RA120	CAP_NET_ELC	PRR_MAIN	MW	HR	264	264	264	264	264	272	279	279	279	279	279	279	279	281	281	281	281	281	281	281	281	281	281	281	281.3	281.3	281.3	281.4	275.4	275.4	275.4	275.4	275.3	281
A	RA120	CAP_NET_ELC	PRR_MAIN	MW	HU	0	0	0	0	0	0	0	0	0	0	0	0	0	0	0	0	0	0	0	0	0	0	0	0	0	0	0	0	0	0	0	0	0	0
A	RA120	CAP_NET_ELC	PRR_MAIN	MW	IE	0	0	0	0	0	0	0	0	0	0	0	0	0	0	0	0	0	0	0	0	0	0	0	0	0	0	0	0	0	0	0	0	0	0
A	RA120	CAP_NET_ELC	PRR_MAIN	MW	IT	2954	2904	2904	2904	2904	2904	2904	2905	3019	3030	3001	3001	3001	3001	2998	3146	3587	3587	3587	3587	3587	3587	3598	3598	3610	3610	3325	3376.602	3376.602	3303.609	3311.602	3280.552	3334.067	3282.47
A	RA120	CAP_NET_ELC	PRR_MAIN	MW	LI	: 	: 	: 	: 	: 	: 	: 	: 	: 	: 	: 	: 	: 	: 	: 	: 	: 	: 	: 	: 	: 	: 	: 	: 	0	0	0	0	0	0	0	0	0	0
A	RA120	CAP_NET_ELC	PRR_MAIN	MW	LT	0	0	0	0	0	0	0	0	0	0	0	0	0	0	0	0	0	0	0	0	0	0	0	0	0	0	0	0	0	0	0	0	0	0
A	RA120	CAP_NET_ELC	PRR_MAIN	MW	LU	0	0	0	0	0	0	0	0	0	0	0	0	0	0	0	0	0	0	0	0	0	0	0	0	0	0	0	0	0	0	0	0	0	0
A	RA120	CAP_NET_ELC	PRR_MAIN	MW	LV	0	0	0	0	0	0	0	0	0	0	0	0	0	0	0	0	0	0	0	0	0	0	0	0	0	0	0	0	0	0	0	0	0	0
A	RA120	CAP_NET_ELC	PRR_MAIN	MW	MD	: 	: 	: 	: 	: 	: 	: 	: 	: 	: 	: 	: 	: 	: 	: 	: 	: 	: 	: 	: 	: 	: 	: 	: 	: 	: 	: 	: 	: 	: 	: 	: 	0	0
A	RA120	CAP_NET_ELC	PRR_MAIN	MW	ME	: 	: 	: 	: 	: 	: 	: 	: 	: 	: 	: 	: 	: 	: 	: 	0	0	0	0	0	0	0	0	0	0	0	0	0	0	0	0	0	0	0
A	RA120	CAP_NET_ELC	PRR_MAIN	MW	MK	: 	: 	: 	: 	: 	: 	: 	: 	: 	: 	: 	: 	: 	: 	: 	: 	: 	: 	: 	: 	: 	0	0	0	0	0	0	0	0	0	0	0	0	0
A	RA120	CAP_NET_ELC	PRR_MAIN	MW	MT	0	0	0	0	0	0	0	0	0	0	0	0	0	0	0	0	0	0	0	0	0	0	0	0	0	0	0	0	0	0	0	0	0	0
A	RA120	CAP_NET_ELC	PRR_MAIN	MW	NL	0	0	0	0	0	0	0	0	0	0	0	0	0	0	0	0	0	0	0	0	0	0	0	0	0	0	0	0	0	0	0	0	0	0
A	RA120	CAP_NET_ELC	PRR_MAIN	MW	NO	: 	1067	1067	1067	1067	636	635	635	626	626	1151	1153	1272	1005	1234	1251	1253	1232	1314	1314	1326	1351	1351	1351	1351	1433	1536	1530	1410	1410	1446.7	1446.7	1446.7	1446.7
A	RA120	CAP_NET_ELC	PRR_MAIN	MW	PL	216	216	216	216	216	216	216	216	308	308	308	351	324	343	341	373	376	376	376	376	376	376	376	376	376	376	376	375.95	375.95	375.95	375.95	375.95	375.95	375.95
A	RA120	CAP_NET_ELC	PRR_MAIN	MW	PT	593	593	593	593	593	617	617	617	617	617	617	617	617	617	857	1048.9	1048.9	1048.9	1048.9	1048.9	1048.9	1044.7	1298.1	1298.1	1347	1722	2501.7	2764.4	2764.4	2764.4	2764.4	2764.4	3647.22	3647.22
A	RA120	CAP_NET_ELC	PRR_MAIN	MW	RO	0	0	0	0	0	0	0	0	0	0	0	0	0	0	0	0	0	0	0	0	0	0	0	269	265	279	265	272.289	267.614	276.8	277.669	277.9	277.9	277.9
A	RA120	CAP_NET_ELC	PRR_MAIN	MW	RS	: 	: 	: 	: 	: 	: 	: 	: 	: 	: 	: 	0	0	0	0	0	0	0	0	0	0	0	0	0	0	0	0	129	129	129	129	129	129	: 
A	RA120	CAP_NET_ELC	PRR_MAIN	MW	SE	0	0	0	0	0	0	0	0	0	0	0	0	0	0	0	0	0	0	0	0	0	0	0	0	0	0	0	99	99	99	99	99	99	99
A	RA120	CAP_NET_ELC	PRR_MAIN	MW	SI	0	0	0	0	0	0	0	0	0	0	0	0	0	0	0	0	0	0	0	0	0	0	0	0	0	0	0	0	0	0	0	0	0	0
A	RA120	CAP_NET_ELC	PRR_MAIN	MW	SK	0	0	0	0	0	0	0	0	0	0	0	0	0	0	0	0	0	0	0	0	0	0	0	0	0	0	0	0	0	0	0	0	0	0
A	RA120	CAP_NET_ELC	PRR_MAIN	MW	TR	: 	: 	: 	: 	: 	: 	: 	: 	: 	: 	: 	0	0	0	0	0	0	0	0	0	0	0	0	0	0	0	0	0	0	0	0	0	0	0
A	RA120	CAP_NET_ELC	PRR_MAIN	MW	XK	: 	: 	: 	: 	: 	: 	: 	: 	: 	: 	: 	: 	: 	: 	: 	: 	: 	: 	: 	: 	: 	: 	: 	: 	: 	: 	: 	: 	: 	: 	: 	: 	: 	0
A	RA130	CAP_NET_ELC	PRR_MAIN	MW	AL	: 	: 	: 	: 	: 	: 	: 	: 	: 	: 	: 	: 	: 	: 	: 	: 	: 	: 	: 	: 	: 	0	0	0	0	0	0	0	0	0	0	0	0	0
A	RA130	CAP_NET_ELC	PRR_MAIN	MW	AT	0	0	0	0	0	0	0	0	0	0	0	0	0	0	0	0	0	0	0	0	0	0	0	0	0	0	0	0	0	0	0	0	0	0
A	RA130	CAP_NET_ELC	PRR_MAIN	MW	BA	: 	: 	: 	: 	: 	: 	: 	: 	: 	: 	: 	: 	: 	: 	: 	: 	: 	: 	: 	: 	: 	: 	: 	: 	0	0	0	0	0	0	0	0	0	0
A	RA130	CAP_NET_ELC	PRR_MAIN	MW	BE	1307	1307	1307	1307	1307	1307	1307	1307	1307	1307	1310	1310	1310	1310	1310	1307	1307	1307	1307	1307	1307	1307	1307	1307	1307	1307	1307	1307	1307	1307	1307	1307	1307	1307
A	RA130	CAP_NET_ELC	PRR_MAIN	MW	BG	0	0	0	0	0	432	432	432	432	864	864	864	864	864	864	864	864	864	864	864	864	864	864	864	864	864	864	864	864	864	864	864	864	864
A	RA130	CAP_NET_ELC	PRR_MAIN	MW	CY	0	0	0	0	0	0	0	0	0	0	0	0	0	0	0	0	0	0	0	0	0	0	0	0	0	0	0	0	0	0	0	0	0	0
A	RA130	CAP_NET_ELC	PRR_MAIN	MW	CZ	491	491	491	491	491	491	1146	1145	1145	1145	1145	1145	1145	1145	1145	1147	1147	1147	1147	1147	1147	1147	1147	1172	1172	1172	1172	1172	1171.5	1171.5	1171.5	1171.5	1171.5	1171.5
A	RA130	CAP_NET_ELC	PRR_MAIN	MW	DE	4052	4368	4428	4428	4480	4380	4487	4397	4355	4464	4654	4562	4652	4331	4918	5648	5649	5696	5641	5898	5811	5811	5650	5650	5654	5666	5578	5493	5355	5355	5354	5354	5353	5345
A	RA130	CAP_NET_ELC	PRR_MAIN	MW	DK	0	0	0	0	0	0	0	0	0	0	0	0	0	0	0	0	0	0	0	0	0	0	0	0	0	0	0	0	0	0	0	0	0	0
A	RA130	CAP_NET_ELC	PRR_MAIN	MW	EE	0	0	0	0	0	0	0	0	0	0	0	0	0	0	0	0	0	0	0	0	0	0	0	0	0	0	0	0	0	0	0	0	0	0
A	RA130	CAP_NET_ELC	PRR_MAIN	MW	EL	0	0	0	0	0	0	0	0	0	0	0	0	0	0	0	0	0	0	0	0	0	0	0	0	0	0	0	0	0	0	0	0	0	0
A	RA130	CAP_NET_ELC	PRR_MAIN	MW	ES	2453.45	2453.45	2453.45	2453.45	2453.45	2453.45	2453.45	2453.45	2453.45	2453.45	2453.45	2453.45	2453.45	2453.45	2453.45	2453.45	2453.45	2453.45	2453.45	2453.45	2453.45	2453.45	2453.45	3331.4	3331.4	3331.4	3331.4	3331.4	3331.4	3331.4	3331.4	3331.4	3331.4	3331.4
A	RA130	CAP_NET_ELC	PRR_MAIN	MW	FI	0	0	0	0	0	0	0	0	0	0	0	0	0	0	0	0	0	0	0	0	0	0	0	0	0	0	0	0	0	0	0	0	0	0
A	RA130	CAP_NET_ELC	PRR_MAIN	MW	FR	1792	1849	1849	1847	1847	1847	1847	1847	1847	1858	1857	1857	1857	1801	1801	1801	1801	1801	1808	1808	1808	1807.66	1807.66	1807.66	1727.66	1727.66	1727.7	1727.7	1727.7	1727.7	1727.66	1727.66	1727.66	1727.66
A	RA130	CAP_NET_ELC	PRR_MAIN	MW	GE	: 	: 	: 	: 	: 	: 	: 	: 	: 	: 	: 	: 	: 	: 	: 	: 	: 	: 	: 	: 	: 	: 	: 	: 	: 	: 	: 	: 	: 	: 	: 	: 	0	0
A	RA130	CAP_NET_ELC	PRR_MAIN	MW	HR	0	0	0	0	0	0	0	0	0	0	0	0	0	0	0	0	0	0	0	0	0	0	0	0	0	0	0	0	0	0	0	0	0	0
A	RA130	CAP_NET_ELC	PRR_MAIN	MW	HU	0	0	0	0	0	0	0	0	0	0	0	0	0	0	0	0	0	0	0	0	0	0	0	0	0	0	0	0	0	0	0	0	0	0
A	RA130	CAP_NET_ELC	PRR_MAIN	MW	IE	290	290	290	290	290	290	290	292	292	292	292	292	292	292	292	292	292	292	292	292	0	0	292	292	292	292	292	292	292	292	292	292	292	292
A	RA130	CAP_NET_ELC	PRR_MAIN	MW	IT	3234	3482	3729	3977	3977	3976	3973	3981	3981	3997	3956	3977	3956	3956	3957	3957	3957	3957	3957	3957	3957	3957	3957	3957	3982	3982	3982	3940.38	3940.38	3940.38	3940.38	3940.38	3928	3969.55
A	RA130	CAP_NET_ELC	PRR_MAIN	MW	LI	: 	: 	: 	: 	: 	: 	: 	: 	: 	: 	: 	: 	: 	: 	: 	: 	: 	: 	: 	: 	: 	: 	: 	: 	0	0	0	0	0	0	0	0	0	0
A	RA130	CAP_NET_ELC	PRR_MAIN	MW	LT	0	0	380	380	570	570	570	570	760	760	760	760	760	760	760	760	760	760	760	760	760	760	760	760	760	760	760	760	760	760	760	760	760	760
A	RA130	CAP_NET_ELC	PRR_MAIN	MW	LU	1100	1100	1100	1100	1100	1100	1100	1100	1100	1100	1100	1100	1100	1100	1100	1100	1100	1100	1100	1100	1100	1100	1100	1100	1296	1296	1296	1296	1296	1296	1296	1296	1296	1296
A	RA130	CAP_NET_ELC	PRR_MAIN	MW	LV	0	0	0	0	0	0	0	0	0	0	0	0	0	0	0	0	0	0	0	0	0	0	0	0	0	0	0	0	0	0	0	0	0	0
A	RA130	CAP_NET_ELC	PRR_MAIN	MW	MD	: 	: 	: 	: 	: 	: 	: 	: 	: 	: 	: 	: 	: 	: 	: 	: 	: 	: 	: 	: 	: 	: 	: 	: 	: 	: 	: 	: 	: 	: 	: 	: 	0	0
A	RA130	CAP_NET_ELC	PRR_MAIN	MW	ME	: 	: 	: 	: 	: 	: 	: 	: 	: 	: 	: 	: 	: 	: 	: 	0	0	0	0	0	0	0	0	0	0	0	0	0	0	0	0	0	0	0
A	RA130	CAP_NET_ELC	PRR_MAIN	MW	MK	: 	: 	: 	: 	: 	: 	: 	: 	: 	: 	: 	: 	: 	: 	: 	: 	: 	: 	: 	: 	: 	0	0	0	0	0	0	0	0	0	0	0	0	0
A	RA130	CAP_NET_ELC	PRR_MAIN	MW	MT	0	0	0	0	0	0	0	0	0	0	0	0	0	0	0	0	0	0	0	0	0	0	0	0	0	0	0	0	0	0	0	0	0	0
A	RA130	CAP_NET_ELC	PRR_MAIN	MW	NL	0	0	0	0	0	0	0	0	0	0	0	0	0	0	0	0	0	0	0	0	0	0	0	0	0	0	0	0	0	0	0	0	0	0
A	RA130	CAP_NET_ELC	PRR_MAIN	MW	NO	: 	0	0	0	0	0	0	0	0	0	0	0	0	0	0	0	0	0	0	0	0	0	0	0	0	0	0	0	0	0	0	0	0	0
A	RA130	CAP_NET_ELC	PRR_MAIN	MW	PL	1205	1241	1366	1366	1366	1366	1366	1366	1366	1366	1366	1366	1366	1406	1406	1406	1406	1406	1406	1406	1406	1406	1406	1406	1406	1406	1413	1423	1423	1423	1423	1423	1423	1423
A	RA130	CAP_NET_ELC	PRR_MAIN	MW	PT	0	0	0	0	0	0	0	0	0	0	0	0	0	0	0	0	0	0	0	0	0	0	0	0	0	0	0	0	0	0	0	0	0	0
A	RA130	CAP_NET_ELC	PRR_MAIN	MW	RO	0	0	0	0	0	0	0	0	0	0	0	0	0	0	0	0	0	0	0	92	92	92	92	92	92	92	92	91.5	91.5	91.5	91.5	91.5	91.5	91.5
A	RA130	CAP_NET_ELC	PRR_MAIN	MW	RS	: 	: 	: 	: 	: 	: 	: 	: 	: 	: 	: 	614	614	614	614	614	614	614	614	614	614	614	614	614	614	614	614	614	614	614	614	614	614	: 
A	RA130	CAP_NET_ELC	PRR_MAIN	MW	SE	427	427	427	427	427	427	427	91	91	19	19	45	45	45	43	43	36	45	85	108	108	99	99	99	99	99	99	0	0	0	0	0	0	0
A	RA130	CAP_NET_ELC	PRR_MAIN	MW	SI	0	0	0	0	0	0	0	0	0	0	0	0	0	0	0	0	0	0	0	0	180	180	180	180	180	180	180	180	180	180	180	180	180	180
A	RA130	CAP_NET_ELC	PRR_MAIN	MW	SK	0	0	0	0	0	735	735	735	735	735	735	916	919	919	916	916	916	916	916	916	916	916	916	916	916	916	916	916	916	916	916	916	916	916
A	RA130	CAP_NET_ELC	PRR_MAIN	MW	TR	: 	: 	: 	: 	: 	: 	: 	: 	: 	: 	: 	0	0	0	0	0	0	0	0	0	0	0	0	0	0	0	0	0	0	0	0	0	0	0
A	RA130	CAP_NET_ELC	PRR_MAIN	MW	XK	: 	: 	: 	: 	: 	: 	: 	: 	: 	: 	: 	: 	: 	: 	: 	: 	: 	: 	: 	: 	: 	: 	: 	: 	: 	: 	: 	: 	: 	: 	: 	: 	: 	0
A	RA200	CAP_NET_ELC	PRR_MAIN	MW	AL	: 	: 	: 	: 	: 	: 	: 	: 	: 	: 	: 	: 	: 	: 	: 	: 	: 	: 	: 	: 	: 	0	0	0	0	0	0	0	0	0	0	0	0	0
A	RA200	CAP_NET_ELC	PRR_MAIN	MW	AT	0	0	0	0	0	0	0	0	0	0	0	0	2	2	2	0.915	0.915	0.915	0.915	0.915	0.915	0.915	0.915	0.915	0.915	0.915	0.924	0.915	0.915	0.915	0.915	0.25	0.25	0.25
A	RA200	CAP_NET_ELC	PRR_MAIN	MW	BA	: 	: 	: 	: 	: 	: 	: 	: 	: 	: 	: 	: 	: 	: 	: 	: 	: 	: 	: 	: 	: 	: 	: 	: 	0	0	0	0	0	0	0	0	0	0
A	RA200	CAP_NET_ELC	PRR_MAIN	MW	BE	0	0	0	0	0	0	0	0	0	0	0	0	0	0	0	0	0	0	0	0	0	0	0	0	0	0	0	0	0	0	0	0	0	0
A	RA200	CAP_NET_ELC	PRR_MAIN	MW	BG	0	0	0	0	0	0	0	0	0	0	0	0	0	0	0	0	0	0	0	0	0	0	0	0	0	0	0	0	0	0	0	0	0	0
A	RA200	CAP_NET_ELC	PRR_MAIN	MW	CY	0	0	0	0	0	0	0	0	0	0	0	0	0	0	0	0	0	0	0	0	0	0	0	0	0	0	0	0	0	0	0	0	0	0
A	RA200	CAP_NET_ELC	PRR_MAIN	MW	CZ	0	0	0	0	0	0	0	0	0	0	0	0	0	0	0	0	0	0	0	0	0	0	0	0	0	0	0	0	0	0	0	0	0	0
A	RA200	CAP_NET_ELC	PRR_MAIN	MW	DE	0	0	0	0	0	0	0	0	0	0	0	0	0	0	0	0	0	3	3	6	7	6	16	26	29	29	33	32	35	40	40	46	52	52
A	RA200	CAP_NET_ELC	PRR_MAIN	MW	DK	0	0	0	0	0	0	0	0	0	0	0	0	0	0	0	0	0	0	0	0	0	0	0	0	0	0	0	0	0	0	0	0	0	0
A	RA200	CAP_NET_ELC	PRR_MAIN	MW	EE	0	0	0	0	0	0	0	0	0	0	0	0	0	0	0	0	0	0	0	0	0	0	0	0	0	0	0	0	0	0	0	0	0	0
A	RA200	CAP_NET_ELC	PRR_MAIN	MW	EL	2	2	2	2	2	2	2	2	2	0	0	0	0	0	0	0	0	0	0	0	0	0	0	0	0	0	0	0	0	0	0	0	0	0
A	RA200	CAP_NET_ELC	PRR_MAIN	MW	ES	0	0	0	0	0	0	0	0	0	0	0	0	0	0	0	0	0	0	0	0	0	0	0	0	0	0	0	0	0	0	0	0	0	0
A	RA200	CAP_NET_ELC	PRR_MAIN	MW	FI	0	0	0	0	0	0	0	0	0	0	0	0	0	0	0	0	0	0	0	0	0	0	0	0	0	0	0	0	0	0	0	0	0	0
A	RA200	CAP_NET_ELC	PRR_MAIN	MW	FR	0	0	0	0	0	0	0	0	0	0	0	0	0	0	0	0	0	0	0	0	0	13.5	13.5	15	15	14.75	14.75	14.75	14.75	14.75	14.75	14.75	14.75	14.75
A	RA200	CAP_NET_ELC	PRR_MAIN	MW	GE	: 	: 	: 	: 	: 	: 	: 	: 	: 	: 	: 	: 	: 	: 	: 	: 	: 	: 	: 	: 	: 	: 	: 	: 	: 	: 	: 	: 	: 	: 	: 	: 	0	0
A	RA200	CAP_NET_ELC	PRR_MAIN	MW	HR	0	0	0	0	0	0	0	0	0	0	0	0	0	0	0	0	0	0	0	0	0	0	0	0	0	0	0	0	10	10	10	10	10	10
A	RA200	CAP_NET_ELC	PRR_MAIN	MW	HU	0	0	0	0	0	0	0	0	0	0	0	0	0	0	0	0	0	0	0	0	0	0	0	0	0	0	0	3	3	3	3	3	3	3
A	RA200	CAP_NET_ELC	PRR_MAIN	MW	IE	0	0	0	0	0	0	0	0	0	0	0	0	0	0	0	0	0	0	0	0	0	0	0	0	0	0	0	0	0	0	0	0	0	0
A	RA200	CAP_NET_ELC	PRR_MAIN	MW	IT	496	567	471	471	470	470	485	529	547	585	590	573	666	707	642	671	671	671	671	695	728	728	728	729	768	768	767	767.19	767.19	767.19	771.79	771.79	771.79	771.79
A	RA200	CAP_NET_ELC	PRR_MAIN	MW	LI	: 	: 	: 	: 	: 	: 	: 	: 	: 	: 	: 	: 	: 	: 	: 	: 	: 	: 	: 	: 	: 	: 	: 	: 	0	0	0	0	0	0	0	0	0	0
A	RA200	CAP_NET_ELC	PRR_MAIN	MW	LT	0	0	0	0	0	0	0	0	0	0	0	0	0	0	0	0	0	0	0	0	0	0	0	0	0	0	0	0	0	0	0	0	0	0
A	RA200	CAP_NET_ELC	PRR_MAIN	MW	LU	0	0	0	0	0	0	0	0	0	0	0	0	0	0	0	0	0	0	0	0	0	0	0	0	0	0	0	0	0	0	0	0	0	0
A	RA200	CAP_NET_ELC	PRR_MAIN	MW	LV	0	0	0	0	0	0	0	0	0	0	0	0	0	0	0	0	0	0	0	0	0	0	0	0	0	0	0	0	0	0	0	0	0	0
A	RA200	CAP_NET_ELC	PRR_MAIN	MW	MD	: 	: 	: 	: 	: 	: 	: 	: 	: 	: 	: 	: 	: 	: 	: 	: 	: 	: 	: 	: 	: 	: 	: 	: 	: 	: 	: 	: 	: 	: 	: 	: 	0	0
A	RA200	CAP_NET_ELC	PRR_MAIN	MW	ME	: 	: 	: 	: 	: 	: 	: 	: 	: 	: 	: 	: 	: 	: 	: 	0	0	0	0	0	0	0	0	0	0	0	0	0	0	0	0	0	0	0
A	RA200	CAP_NET_ELC	PRR_MAIN	MW	MK	: 	: 	: 	: 	: 	: 	: 	: 	: 	: 	: 	: 	: 	: 	: 	: 	: 	: 	: 	: 	: 	0	0	0	0	0	0	0	0	0	0	0	0	0
A	RA200	CAP_NET_ELC	PRR_MAIN	MW	MT	0	0	0	0	0	0	0	0	0	0	0	0	0	0	0	0	0	0	0	0	0	0	0	0	0	0	0	0	0	0	0	0	0	0
A	RA200	CAP_NET_ELC	PRR_MAIN	MW	NL	0	0	0	0	0	0	0	0	0	0	0	0	0	0	0	0	0	0	0	0	0	0	0	0	0	0	0	0	0	0	0	0	0	0
A	RA200	CAP_NET_ELC	PRR_MAIN	MW	NO	: 	0	0	0	0	0	0	0	0	0	0	0	0	0	0	0	0	0	0	0	0	0	0	0	0	0	0	0	0	0	0	0	0	0
A	RA200	CAP_NET_ELC	PRR_MAIN	MW	PL	0	0	0	0	0	0	0	0	0	0	0	0	0	0	0	0	0	0	0	0	0	0	0	0	0	0	0	0	0	0	0	0	0	0
A	RA200	CAP_NET_ELC	PRR_MAIN	MW	PT	1	3	3	3	8	8	8	8	10	14	14	14	14	14	14	14	25	25	25	25	25	25	25	25	25	25	25	29.1	29.1	29.1	29.1	29.1	29.1	29.1
A	RA200	CAP_NET_ELC	PRR_MAIN	MW	RO	0	0	0	0	0	0	0	0	0	0	0	0	0	0	0	0	0	0	0	0	0	0	0	0	0	0	0	0.05	0.05	0.05	0.05	0.05	0	0
A	RA200	CAP_NET_ELC	PRR_MAIN	MW	RS	: 	: 	: 	: 	: 	: 	: 	: 	: 	: 	: 	0	0	0	0	0	0	0	0	0	0	0	0	0	0	0	0	0	0	0	0	0	0	: 
A	RA200	CAP_NET_ELC	PRR_MAIN	MW	SE	0	0	0	0	0	0	0	0	0	0	0	0	0	0	0	0	0	0	0	0	0	0	0	0	0	0	0	0	0	0	0	0	0	0
A	RA200	CAP_NET_ELC	PRR_MAIN	MW	SI	0	0	0	0	0	0	0	0	0	0	0	0	0	0	0	0	0	0	0	0	0	0	0	0	0	0	0	0	0	0	0	0	0	0
A	RA200	CAP_NET_ELC	PRR_MAIN	MW	SK	0	0	0	0	0	0	0	0	0	0	0	0	0	0	0	0	0	0	0	0	0	0	0	0	0	0	0	0	0	0	0	0	0	0
A	RA200	CAP_NET_ELC	PRR_MAIN	MW	TR	: 	: 	: 	: 	: 	: 	: 	: 	: 	: 	: 	18	18	15	15	15	23	23	30	77	94	114	162	311	405	624	821	1063.7	1282.5	1514.688	1613.188	1676.17	1691.338	1691.338
A	RA200	CAP_NET_ELC	PRR_MAIN	MW	XK	: 	: 	: 	: 	: 	: 	: 	: 	: 	: 	: 	: 	: 	: 	: 	: 	: 	: 	: 	: 	: 	: 	: 	: 	: 	: 	: 	: 	: 	: 	: 	: 	: 	0
A	RA300	CAP_NET_ELC	PRR_MAIN	MW	AL	: 	: 	: 	: 	: 	: 	: 	: 	: 	: 	: 	: 	: 	: 	: 	: 	: 	: 	: 	: 	: 	0	0	0	0	0	0	0	0	0	0	0	0	0
A	RA300	CAP_NET_ELC	PRR_MAIN	MW	AT	0	0	0	1	1	1	3	15	34	38	50	67	109	322	581	825.219	968.269	991.159	991.974	1000.985	1015.828	1105.966	1337.15	1674.538	2110.275	2488.726	2729.996	2886.698	3132.713	3224.117	3225.979	3422.335	3633.103	3896.294
A	RA300	CAP_NET_ELC	PRR_MAIN	MW	BA	: 	: 	: 	: 	: 	: 	: 	: 	: 	: 	: 	: 	: 	: 	: 	: 	: 	: 	: 	: 	: 	: 	: 	: 	0	0	0	0	51	87	87	135	135	135
A	RA300	CAP_NET_ELC	PRR_MAIN	MW	BE	5	5	5	5	5	5	5	5	6	8	12	24	29	65	94	165	210	272	320	600	895.4	1058.5	1354	1756.1	1919.8	2162.3	2306.4	2752.1	3271.2	3830.6	4638.8	4937.6	5288.5	5437.6
A	RA300	CAP_NET_ELC	PRR_MAIN	MW	BG	0	0	0	0	0	0	0	0	0	0	0	0	0	0	1	8	27	30	114	333	488	541	677	683	699	699	699	698.39	698.92	703.12	702.8	704.375	704.31	704.31
A	RA300	CAP_NET_ELC	PRR_MAIN	MW	CY	0	0	0	0	0	0	0	0	0	0	0	0	0	0	0	0	0	0	0	0	82	134	147	147	147	157.5	157.5	157.5	157.5	157.5	157.5	157.5	157.5	157.5
A	RA300	CAP_NET_ELC	PRR_MAIN	MW	CZ	0	0	0	0	0	0	0	0	1	1	1	1	6	11	16.5	22	43.5	113.8	150	193	213	213	258	262	278	281	282	308.205	316.2	339.414	339.424	339.414	339.095	342.5
A	RA300	CAP_NET_ELC	PRR_MAIN	MW	DE	0	0	0	0	0	0	0	0	0	0	6095	8754	12001	14381	16419	18248	20474	22116	22794	25732	26903	28712	30979	33477	38614	44580	49435	55580	58721	60742	62201	63711	66202	69486
A	RA300	CAP_NET_ELC	PRR_MAIN	MW	DK	325.981	392.859	435.949	468.099	521.237	599.499	814.221	1123.347	1438.482	1753.445	2390	2497	2895	3120	3124	3128	3136	3124	3163	3482	3802	3952	4162	4819	4886	5076.976	5245.563	5488.949	6122.66	6110.543	6258.537	7003.948	7083.818	7277.006
A	RA300	CAP_NET_ELC	PRR_MAIN	MW	EE	0	0	0	0	0	0	0	0	0	0	0	0	1	2	6	30	30	49	76	103	107	180	266	247	268	294	304	310	309	315	316	315	314	337
A	RA300	CAP_NET_ELC	PRR_MAIN	MW	EL	1	1	16	27	27	27	27	27	38	109	226	270	287	371	470	491	749	846	1022	1171	1298	1640	1753	1809	1978	2091	2370	2624	2877.495	3589	4119.25	4649.13	4702.33	5231.703
A	RA300	CAP_NET_ELC	PRR_MAIN	MW	ES	2	3	33	34	41	98	227	420	847	1612	2204	3394	4880	5932	8300	9901	11704	14801	16536	19154	20671	21507	22755	22923	22889	22906	22953	23068.479	23334.055	25522.076	26751.19	27847.064	30007.752	30770.163
A	RA300	CAP_NET_ELC	PRR_MAIN	MW	FI	0	1	1	5	5	6	7	12	17	38	38	39	43	52	82	82	86	110	143	147	197	199	257	447	627	1005	1565	2044	2041	2284	2586	3257	5677	6513
A	RA300	CAP_NET_ELC	PRR_MAIN	MW	FR	0	1	1	3	3	3	6	6	14	17	35	62	130	188	327	660	1340	2140	3297	4422	5549	6544.2	7392.792	7907.569	8902.734	10003.061	11230.653	13023.949	14356.284	15798.803	16816.256	17797.448	20053.933	22362.819
A	RA300	CAP_NET_ELC	PRR_MAIN	MW	GE	: 	: 	: 	: 	: 	: 	: 	: 	: 	: 	: 	: 	: 	: 	: 	: 	: 	: 	: 	: 	: 	: 	: 	: 	: 	: 	: 	: 	: 	: 	: 	: 	21	21
A	RA300	CAP_NET_ELC	PRR_MAIN	MW	HR	0	0	0	0	0	0	0	0	0	0	0	0	0	0	0	6	17	17	17	70	79	130	180	254	339	418	483	576.1	586.3	646.3	801.3	986.9	986.9	1160.2
A	RA300	CAP_NET_ELC	PRR_MAIN	MW	HU	0	0	0	0	0	0	0	0	0	0	0	1	1	3	3	17	33	61	134	203	293	331	325	329	329	329	329	329	329	323	323	323	323	323
A	RA300	CAP_NET_ELC	PRR_MAIN	MW	IE	0	0	6.5	6.5	6.5	6.5	6.5	57.2	62.2	70.2	116.5	122.9	134.8	210.3	336.4	493.3	676.5	740.5	942.3	1251.3	1390.4	1584.6	1697.452	1916.052	2266.81	2434.752	2785.362	3299.312	3651.112	4100.162	4280.462	4308.353	4505.373	4708.493
A	RA300	CAP_NET_ELC	PRR_MAIN	MW	IT	3	4	7	18	21	22	34	119	164	232	363	664	780	874	1126	1634	1901	2702	3523	4877	5790	6913	8102	8542	8683	9137	9384	9736.564	10230.232	10679.446	10868.608	11251.4	11811.36	12299.842
A	RA300	CAP_NET_ELC	PRR_MAIN	MW	LI	: 	: 	: 	: 	: 	: 	: 	: 	: 	: 	: 	: 	: 	: 	: 	: 	: 	: 	: 	: 	: 	: 	: 	: 	0	0	0	0	0	0	0	0	0	0
A	RA300	CAP_NET_ELC	PRR_MAIN	MW	LT	0	0	0	0	0	0	0	0	0	0	0	0	0	0	1	1	31	47	54	98	133	202	275	279	288	436	509	518	533	534	540	671	946	1284
A	RA300	CAP_NET_ELC	PRR_MAIN	MW	LU	0	0	0	0	0	0	2	4	10	14	14	13.9	13.9	20.5	34.9	34.9	34.9	34.9	42.915	42.93	43.727	44.527	58.327	58.327	58.342	63.794	119.694	119.694	122.894	135.794	152.743	136.443	165.334	207.335
A	RA300	CAP_NET_ELC	PRR_MAIN	MW	LV	0	0	0	0	0	1	1	1	1	1	2	2	22	25	26	26	26	26	26	26	28	35	59	65.692	68.715	67.965	69.355	76.555	77.672	77.672	77.672	76.722	79.169	124.268
A	RA300	CAP_NET_ELC	PRR_MAIN	MW	MD	: 	: 	: 	: 	: 	: 	: 	: 	: 	: 	: 	: 	: 	: 	: 	: 	: 	: 	: 	: 	: 	: 	: 	: 	: 	: 	: 	: 	: 	: 	: 	: 	46.4	77
A	RA300	CAP_NET_ELC	PRR_MAIN	MW	ME	: 	: 	: 	: 	: 	: 	: 	: 	: 	: 	: 	: 	: 	: 	: 	0	0	0	0	0	0	0	0	0	0	0	0	72	72	118	118	118	118	118
A	RA300	CAP_NET_ELC	PRR_MAIN	MW	MK	: 	: 	: 	: 	: 	: 	: 	: 	: 	: 	: 	: 	: 	: 	: 	: 	: 	: 	: 	: 	: 	0	0	0	36.8	36.8	36.8	36.8	36.8	36.8	36.8	36.8	36.8	72.8
A	RA300	CAP_NET_ELC	PRR_MAIN	MW	MT	0	0	0	0	0	0	0	0	0	0	0	0	0	0	0	0	0	0	0	0	0	0	0	0	0	0	0	0	0	0	0	0	0	0
A	RA300	CAP_NET_ELC	PRR_MAIN	MW	NL	39	71	88	115	131	202	229	251	275	298	320	334	460	595	696	814	1109	1302	1703	1766	1777	1835	1929	2199	2321	2853	3709.84	3668.25	3852.65	3942.695	5956.665	6929.005	7851.904	9787.763
A	RA300	CAP_NET_ELC	PRR_MAIN	MW	NO	: 	0	0	3	3	3	4	4	5	14	13	13	97	97	152	265	284	348	395	423	425	512	705	818	859	867	883	1207	1710	2914	4030	5049	5062	5064
A	RA300	CAP_NET_ELC	PRR_MAIN	MW	PL	0	0	0	0	0	0	0	0	2	3	4	19	32	35	40	121	172	306	526	709	1108	1800	2564	3429	3836	4886	5747	5758.477	5766.078	5837.761	6298.25	6967.339	8150.235	9343.321
A	RA300	CAP_NET_ELC	PRR_MAIN	MW	PT	1	1	3	8	8	8	18	29	48	57	83	125	190	268	553	1064	1681	2201	2857	3326	3796	4255.588	4410.921	4609.268	4856.078	4936.358	5123.589	5123.589	5171.889	5218.714	5118.222	5423.288	5534.081	5534.081
A	RA300	CAP_NET_ELC	PRR_MAIN	MW	RO	0	0	0	1	0	0	0	0	0	0	0	0	0	0	0	1	1	2	5	13	383	963	1402	2229	2688	2684	2556	2606.447	2637.207	2923.575	2738.887	2599.934	2831.29	2943.153
A	RA300	CAP_NET_ELC	PRR_MAIN	MW	RS	: 	: 	: 	: 	: 	: 	: 	: 	: 	: 	: 	0	0	0	0	0	0	0	0	0	0	0	0	0	0	0	17	25	227	398	398	398	398	: 
A	RA300	CAP_NET_ELC	PRR_MAIN	MW	SE	8	12	20	29	40	67	105	123	174	196	209	295	357	417	475	522	585	823	1089	1475	2017	2764	3606	4194	5088	5819	6435	6611	7300	8681	9976	12116	14279	16224
A	RA300	CAP_NET_ELC	PRR_MAIN	MW	SI	0	0	0	0	0	0	0	0	0	0	0	0	0	0	0	0	0	0	0	0	0	0	2	2	3	3	3	3.3	3.3	3.3	3.3	3.328	3.328	3.328
A	RA300	CAP_NET_ELC	PRR_MAIN	MW	SK	0	0	0	0	0	0	0	0	0	0	0	0	0	0	0	0	0	0	0	0	0	0	0	2	0	1	1	1	1	1	1	1	1	1
A	RA300	CAP_NET_ELC	PRR_MAIN	MW	TR	: 	: 	: 	: 	: 	: 	: 	: 	: 	: 	: 	18	18	18	18	18	58	145	363	791	1319	1728	2260	2754	3625	4498	5733	6486	6952.8	7532.087	8773.327	10546.107	11326.545	11718.629
A	RA300	CAP_NET_ELC	PRR_MAIN	MW	XK	: 	: 	: 	: 	: 	: 	: 	: 	: 	: 	: 	: 	: 	: 	: 	: 	: 	: 	: 	: 	: 	: 	: 	: 	: 	: 	: 	: 	: 	: 	: 	: 	: 	68.22
A	RA310	CAP_NET_ELC	PRR_MAIN	MW	AL	: 	: 	: 	: 	: 	: 	: 	: 	: 	: 	: 	: 	: 	: 	: 	: 	: 	: 	: 	: 	: 	: 	: 	: 	: 	: 	: 	: 	: 	: 	: 	: 	0	0
A	RA310	CAP_NET_ELC	PRR_MAIN	MW	AT	: 	: 	: 	: 	: 	: 	: 	: 	: 	: 	: 	: 	: 	: 	: 	: 	: 	: 	: 	: 	: 	: 	: 	: 	: 	: 	: 	0	0	0	0	3422.335	3633.103	3896.294
A	RA310	CAP_NET_ELC	PRR_MAIN	MW	BA	: 	: 	: 	: 	: 	: 	: 	: 	: 	: 	: 	: 	: 	: 	: 	: 	: 	: 	: 	: 	: 	: 	: 	: 	: 	: 	: 	: 	: 	: 	: 	: 	0	0
A	RA310	CAP_NET_ELC	PRR_MAIN	MW	BE	: 	: 	: 	: 	: 	: 	: 	: 	: 	: 	: 	: 	: 	: 	: 	: 	: 	: 	: 	568.5	698.9	862	973	1048.4	1212.1	1450.3	1594.2	1874.9	2085.3	2275.1	2377	2675.8	3026.7	3175.8
A	RA310	CAP_NET_ELC	PRR_MAIN	MW	BG	: 	: 	: 	: 	: 	: 	: 	: 	: 	: 	: 	: 	: 	: 	: 	: 	: 	: 	: 	0	0	0	0	0	0	0	0	0	0	0	0	0	704.31	704.31
A	RA310	CAP_NET_ELC	PRR_MAIN	MW	CY	: 	: 	: 	: 	: 	: 	: 	: 	: 	: 	: 	: 	: 	: 	: 	0	0	0	0	0	0	0	0	0	0	0	0	0	0	0	0	0	157.5	157.5
A	RA310	CAP_NET_ELC	PRR_MAIN	MW	CZ	: 	: 	: 	: 	: 	: 	: 	: 	: 	: 	0	0	0	0	0	0	0	0	0	0	0	0	0	0	0	0	0	0	0	0	0	0	0	342.5
A	RA310	CAP_NET_ELC	PRR_MAIN	MW	DE	: 	: 	: 	: 	: 	: 	: 	: 	: 	: 	: 	: 	: 	: 	: 	: 	: 	: 	: 	: 	: 	: 	: 	: 	: 	: 	: 	: 	: 	: 	: 	0	57986	61013
A	RA310	CAP_NET_ELC	PRR_MAIN	MW	DK	0	0	0	0	0	0	0	0	0	0	0	0	0	0	0	0	0	0	0	0	0	0	0	0	0	0	0	0	0	0	4557.637	4698.248	4782.718	4807.906
A	RA310	CAP_NET_ELC	PRR_MAIN	MW	EE	: 	: 	: 	: 	: 	: 	: 	: 	: 	: 	: 	: 	: 	: 	: 	: 	: 	: 	: 	: 	: 	: 	: 	: 	: 	: 	: 	: 	: 	: 	: 	0	0	337
A	RA310	CAP_NET_ELC	PRR_MAIN	MW	EL	: 	: 	: 	: 	: 	: 	: 	: 	: 	: 	: 	0	0	0	0	0	0	0	0	0	0	0	0	0	0	0	0	0	0	0	0	0	4702.33	5231.703
A	RA310	CAP_NET_ELC	PRR_MAIN	MW	ES	0	0	0	0	0	0	0	0	0	0	0	0	0	0	0	0	0	0	0	0	0	0	0	0	0	0	0	0	0	0	0	0	30007.752	30765.163
A	RA310	CAP_NET_ELC	PRR_MAIN	MW	FI	: 	: 	: 	: 	: 	: 	: 	: 	: 	: 	: 	: 	: 	: 	: 	: 	: 	: 	: 	: 	: 	: 	: 	: 	: 	: 	: 	: 	: 	: 	0	0	5604	6440
A	RA310	CAP_NET_ELC	PRR_MAIN	MW	FR	: 	: 	: 	: 	: 	: 	: 	: 	: 	: 	: 	: 	: 	: 	: 	: 	: 	: 	: 	: 	: 	6533.4	7381.992	7896.769	8891.934	9992.261	11219.853	13013.149	14345.484	15788.003	16805.456	17786.648	19563.133	20879.819
A	RA310	CAP_NET_ELC	PRR_MAIN	MW	GE	: 	: 	: 	: 	: 	: 	: 	: 	: 	: 	: 	: 	: 	: 	: 	: 	: 	: 	: 	: 	: 	: 	: 	: 	: 	: 	: 	: 	: 	: 	: 	: 	0	0
A	RA310	CAP_NET_ELC	PRR_MAIN	MW	HR	: 	: 	: 	: 	: 	: 	: 	: 	: 	: 	: 	: 	: 	: 	: 	: 	: 	: 	: 	: 	: 	: 	: 	: 	: 	: 	: 	: 	: 	: 	: 	: 	986.9	1160.2
A	RA310	CAP_NET_ELC	PRR_MAIN	MW	HU	: 	: 	: 	: 	: 	: 	: 	: 	: 	: 	: 	: 	: 	: 	: 	: 	: 	: 	: 	: 	: 	: 	: 	: 	: 	: 	: 	: 	: 	: 	: 	0	323	323
A	RA310	CAP_NET_ELC	PRR_MAIN	MW	IE	0	0	6.5	6.5	6.5	6.5	6.5	57.2	62.2	70.2	116.5	122.9	134.8	210.3	336.4	493.3	676.5	740.5	942.3	1251.3	1390.4	1584.6	1697.452	1916.052	2266.81	2434.752	2785.362	3299.312	3651.112	4100.162	4280.462	4308.353	4505.373	4708.493
A	RA310	CAP_NET_ELC	PRR_MAIN	MW	IT	: 	: 	: 	: 	: 	: 	: 	: 	: 	: 	: 	: 	: 	: 	: 	: 	: 	: 	: 	: 	: 	: 	: 	: 	: 	: 	: 	: 	: 	: 	: 	0	11811.36	12268.848
A	RA310	CAP_NET_ELC	PRR_MAIN	MW	LI	: 	: 	: 	: 	: 	: 	: 	: 	: 	: 	: 	: 	: 	: 	: 	: 	: 	: 	: 	: 	: 	: 	: 	: 	: 	: 	: 	: 	: 	: 	: 	: 	0	0
A	RA310	CAP_NET_ELC	PRR_MAIN	MW	LT	: 	: 	: 	: 	: 	: 	: 	: 	: 	: 	: 	: 	: 	: 	: 	: 	: 	: 	: 	: 	: 	: 	0	0	0	0	0	0	0	0	0	0	275	1284
A	RA310	CAP_NET_ELC	PRR_MAIN	MW	LU	: 	: 	: 	: 	: 	: 	: 	: 	: 	: 	: 	: 	: 	: 	: 	: 	: 	: 	: 	: 	: 	: 	: 	: 	: 	: 	: 	: 	: 	: 	: 	136.443	165.334	207.335
A	RA310	CAP_NET_ELC	PRR_MAIN	MW	LV	: 	: 	: 	: 	: 	: 	: 	: 	: 	: 	: 	: 	: 	: 	: 	: 	: 	: 	: 	: 	: 	: 	: 	: 	: 	: 	: 	: 	: 	0	0	0	79.169	124.268
A	RA310	CAP_NET_ELC	PRR_MAIN	MW	MD	: 	: 	: 	: 	: 	: 	: 	: 	: 	: 	: 	: 	: 	: 	: 	: 	: 	: 	: 	: 	: 	: 	: 	: 	: 	: 	: 	: 	: 	: 	: 	: 	46.4	0
A	RA310	CAP_NET_ELC	PRR_MAIN	MW	ME	: 	: 	: 	: 	: 	: 	: 	: 	: 	: 	: 	: 	: 	: 	: 	: 	: 	: 	: 	: 	: 	: 	: 	: 	: 	: 	: 	: 	: 	: 	: 	: 	118	118
A	RA310	CAP_NET_ELC	PRR_MAIN	MW	MK	: 	: 	: 	: 	: 	: 	: 	: 	: 	: 	: 	: 	: 	: 	: 	: 	: 	: 	: 	: 	: 	0	0	0	36.8	36.8	36.8	36.8	36.8	36.8	36.8	36.8	36.8	72.8
A	RA310	CAP_NET_ELC	PRR_MAIN	MW	MT	: 	: 	: 	: 	: 	: 	: 	: 	: 	: 	: 	: 	: 	: 	: 	: 	: 	: 	: 	: 	: 	: 	: 	: 	: 	: 	: 	: 	: 	: 	: 	0	0	0
A	RA310	CAP_NET_ELC	PRR_MAIN	MW	NL	: 	: 	: 	: 	: 	: 	: 	: 	: 	: 	: 	: 	: 	: 	: 	: 	: 	: 	: 	: 	: 	: 	: 	: 	: 	2496	2752.84	2711.25	2895.65	2985.695	3497.165	4469.505	5282.404	5810.263
A	RA310	CAP_NET_ELC	PRR_MAIN	MW	NO	: 	0	0	3	3	3	4	4	5	14	13	13	97	97	152	265	284	348	395	423	425	512	705	818	859	867	883	1207	1710	2914	4030	5049	5062	5064
A	RA310	CAP_NET_ELC	PRR_MAIN	MW	PL	: 	: 	: 	: 	: 	: 	: 	: 	: 	: 	: 	: 	: 	: 	: 	: 	: 	: 	: 	: 	: 	: 	: 	: 	: 	: 	: 	: 	: 	: 	: 	0	8150.235	9343.321
A	RA310	CAP_NET_ELC	PRR_MAIN	MW	PT	: 	: 	: 	: 	: 	: 	: 	: 	: 	: 	: 	: 	: 	: 	: 	: 	: 	: 	: 	: 	: 	: 	: 	: 	: 	: 	: 	: 	: 	: 	: 	0	5509.082	5509.082
A	RA310	CAP_NET_ELC	PRR_MAIN	MW	RO	: 	: 	: 	: 	: 	: 	: 	: 	: 	: 	: 	: 	: 	: 	: 	: 	: 	: 	: 	: 	: 	: 	: 	: 	: 	: 	: 	: 	: 	: 	: 	: 	0	0
A	RA310	CAP_NET_ELC	PRR_MAIN	MW	RS	: 	: 	: 	: 	: 	: 	: 	: 	: 	: 	: 	: 	: 	: 	: 	: 	: 	: 	: 	: 	: 	: 	: 	: 	0	0	0	0	0	0	0	0	398	: 
A	RA310	CAP_NET_ELC	PRR_MAIN	MW	SE	: 	: 	: 	: 	: 	: 	: 	: 	: 	: 	: 	: 	: 	: 	: 	: 	: 	: 	: 	: 	0	0	0	0	0	0	0	0	0	0	0	0	14086	16031
A	RA310	CAP_NET_ELC	PRR_MAIN	MW	SI	: 	: 	: 	: 	: 	: 	: 	: 	: 	: 	: 	: 	: 	: 	: 	: 	: 	: 	: 	: 	: 	: 	: 	: 	: 	: 	: 	: 	0	0	0	0	0	0
A	RA310	CAP_NET_ELC	PRR_MAIN	MW	SK	: 	: 	: 	: 	: 	: 	: 	: 	: 	: 	: 	: 	: 	: 	: 	: 	: 	: 	: 	: 	: 	: 	: 	: 	: 	: 	: 	: 	: 	0	0	0	0	0
A	RA310	CAP_NET_ELC	PRR_MAIN	MW	TR	: 	: 	: 	: 	: 	: 	: 	: 	: 	: 	: 	: 	: 	: 	: 	: 	: 	: 	: 	: 	: 	: 	: 	: 	: 	: 	: 	: 	: 	: 	: 	: 	11326.545	11718.629
A	RA310	CAP_NET_ELC	PRR_MAIN	MW	XK	: 	: 	: 	: 	: 	: 	: 	: 	: 	: 	: 	: 	: 	: 	: 	: 	: 	: 	: 	: 	: 	: 	: 	: 	: 	: 	: 	: 	: 	: 	: 	: 	: 	0
A	RA320	CAP_NET_ELC	PRR_MAIN	MW	AL	: 	: 	: 	: 	: 	: 	: 	: 	: 	: 	: 	: 	: 	: 	: 	: 	: 	: 	: 	: 	: 	: 	: 	: 	: 	: 	: 	: 	: 	: 	: 	: 	0	0
A	RA320	CAP_NET_ELC	PRR_MAIN	MW	AT	: 	: 	: 	: 	: 	: 	: 	: 	: 	: 	: 	: 	: 	: 	: 	: 	: 	: 	: 	: 	: 	: 	: 	: 	: 	: 	: 	0	0	0	0	0	0	0
A	RA320	CAP_NET_ELC	PRR_MAIN	MW	BA	: 	: 	: 	: 	: 	: 	: 	: 	: 	: 	: 	: 	: 	: 	: 	: 	: 	: 	: 	: 	: 	: 	: 	: 	: 	: 	: 	: 	: 	: 	: 	: 	0	0
A	RA320	CAP_NET_ELC	PRR_MAIN	MW	BE	: 	: 	: 	: 	: 	: 	: 	: 	: 	: 	: 	: 	: 	: 	: 	: 	: 	: 	: 	31.5	196.5	196.5	381	707.7	707.7	712	712.2	877.2	1185.9	1555.5	2261.8	2261.8	2261.8	2261.8
A	RA320	CAP_NET_ELC	PRR_MAIN	MW	BG	: 	: 	: 	: 	: 	: 	: 	: 	: 	: 	: 	: 	: 	: 	: 	: 	: 	: 	: 	0	0	0	0	0	0	0	0	0	0	0	0	0	0	0
A	RA320	CAP_NET_ELC	PRR_MAIN	MW	CY	: 	: 	: 	: 	: 	: 	: 	: 	: 	: 	: 	: 	: 	: 	: 	0	0	0	0	0	0	0	0	0	0	0	0	0	0	0	0	0	0	0
A	RA320	CAP_NET_ELC	PRR_MAIN	MW	CZ	: 	: 	: 	: 	: 	: 	: 	: 	: 	: 	0	0	0	0	0	0	0	0	0	0	0	0	0	0	0	0	0	0	0	0	0	0	0	0
A	RA320	CAP_NET_ELC	PRR_MAIN	MW	DE	: 	: 	: 	: 	: 	: 	: 	: 	: 	: 	: 	: 	: 	: 	: 	: 	: 	: 	: 	: 	: 	: 	: 	: 	: 	: 	: 	: 	: 	: 	: 	0	8216	8473
A	RA320	CAP_NET_ELC	PRR_MAIN	MW	DK	0	0	0	0	0	0	0	0	0	0	0	0	0	0	0	0	0	0	0	0	0	0	0	0	0	0	0	0	0	0	1700.9	2305.7	2301.1	2469.1
A	RA320	CAP_NET_ELC	PRR_MAIN	MW	EE	: 	: 	: 	: 	: 	: 	: 	: 	: 	: 	: 	: 	: 	: 	: 	: 	: 	: 	: 	: 	: 	: 	: 	: 	: 	: 	: 	: 	: 	: 	: 	0	0	0
A	RA320	CAP_NET_ELC	PRR_MAIN	MW	EL	: 	: 	: 	: 	: 	: 	: 	: 	: 	: 	: 	0	0	0	0	0	0	0	0	0	0	0	0	0	0	0	0	0	0	0	0	0	0	0
A	RA320	CAP_NET_ELC	PRR_MAIN	MW	ES	0	0	0	0	0	0	0	0	0	0	0	0	0	0	0	0	0	0	0	0	0	0	0	0	0	0	0	0	0	0	0	0	0	5
A	RA320	CAP_NET_ELC	PRR_MAIN	MW	FI	: 	: 	: 	: 	: 	: 	: 	: 	: 	: 	: 	: 	: 	: 	: 	: 	: 	: 	: 	: 	: 	: 	: 	: 	: 	: 	: 	: 	: 	: 	0	0	73	73
A	RA320	CAP_NET_ELC	PRR_MAIN	MW	FR	: 	: 	: 	: 	: 	: 	: 	: 	: 	: 	: 	: 	: 	: 	: 	: 	: 	: 	: 	: 	: 	10.8	10.8	10.8	10.8	10.8	10.8	10.8	10.8	10.8	10.8	10.8	490.8	1483
A	RA320	CAP_NET_ELC	PRR_MAIN	MW	GE	: 	: 	: 	: 	: 	: 	: 	: 	: 	: 	: 	: 	: 	: 	: 	: 	: 	: 	: 	: 	: 	: 	: 	: 	: 	: 	: 	: 	: 	: 	: 	: 	0	0
A	RA320	CAP_NET_ELC	PRR_MAIN	MW	HR	: 	: 	: 	: 	: 	: 	: 	: 	: 	: 	: 	: 	: 	: 	: 	: 	: 	: 	: 	: 	: 	: 	: 	: 	: 	: 	: 	: 	: 	: 	: 	: 	0	0
A	RA320	CAP_NET_ELC	PRR_MAIN	MW	HU	: 	: 	: 	: 	: 	: 	: 	: 	: 	: 	: 	: 	: 	: 	: 	: 	: 	: 	: 	: 	: 	: 	: 	: 	: 	: 	: 	: 	: 	: 	: 	0	0	0
A	RA320	CAP_NET_ELC	PRR_MAIN	MW	IE	0	0	0	0	0	0	0	0	0	0	0	0	0	0	0	0	0	0	0	0	0	0	0	0	0	0	0	0	0	0	0	0	0	0
A	RA320	CAP_NET_ELC	PRR_MAIN	MW	IT	: 	: 	: 	: 	: 	: 	: 	: 	: 	: 	: 	: 	: 	: 	: 	: 	: 	: 	: 	: 	: 	: 	: 	: 	: 	: 	: 	: 	: 	: 	: 	0	0	30.994
A	RA320	CAP_NET_ELC	PRR_MAIN	MW	LI	: 	: 	: 	: 	: 	: 	: 	: 	: 	: 	: 	: 	: 	: 	: 	: 	: 	: 	: 	: 	: 	: 	: 	: 	: 	: 	: 	: 	: 	: 	: 	: 	0	0
A	RA320	CAP_NET_ELC	PRR_MAIN	MW	LT	: 	: 	: 	: 	: 	: 	: 	: 	: 	: 	: 	: 	: 	: 	: 	: 	: 	: 	: 	: 	: 	: 	0	0	0	0	0	0	0	0	0	0	0	0
A	RA320	CAP_NET_ELC	PRR_MAIN	MW	LU	: 	: 	: 	: 	: 	: 	: 	: 	: 	: 	: 	: 	: 	: 	: 	: 	: 	: 	: 	: 	: 	: 	: 	: 	: 	: 	: 	: 	: 	: 	: 	0	0	0
A	RA320	CAP_NET_ELC	PRR_MAIN	MW	LV	: 	: 	: 	: 	: 	: 	: 	: 	: 	: 	: 	: 	: 	: 	: 	: 	: 	: 	: 	: 	: 	: 	: 	: 	: 	: 	: 	: 	: 	0	0	0	0	0
A	RA320	CAP_NET_ELC	PRR_MAIN	MW	MD	: 	: 	: 	: 	: 	: 	: 	: 	: 	: 	: 	: 	: 	: 	: 	: 	: 	: 	: 	: 	: 	: 	: 	: 	: 	: 	: 	: 	: 	: 	: 	: 	0	77
A	RA320	CAP_NET_ELC	PRR_MAIN	MW	ME	: 	: 	: 	: 	: 	: 	: 	: 	: 	: 	: 	: 	: 	: 	: 	: 	: 	: 	: 	: 	: 	: 	: 	: 	: 	: 	: 	: 	: 	: 	: 	: 	0	0
A	RA320	CAP_NET_ELC	PRR_MAIN	MW	MK	: 	: 	: 	: 	: 	: 	: 	: 	: 	: 	: 	: 	: 	: 	: 	: 	: 	: 	: 	: 	: 	0	0	0	0	0	0	0	0	0	0	0	0	0
A	RA320	CAP_NET_ELC	PRR_MAIN	MW	MT	: 	: 	: 	: 	: 	: 	: 	: 	: 	: 	: 	: 	: 	: 	: 	: 	: 	: 	: 	: 	: 	: 	: 	: 	: 	: 	: 	: 	: 	: 	: 	0	0	0
A	RA320	CAP_NET_ELC	PRR_MAIN	MW	NL	: 	: 	: 	: 	: 	: 	: 	: 	: 	: 	: 	: 	: 	: 	: 	: 	: 	: 	: 	: 	: 	: 	: 	: 	: 	357	957	957	957	957	2459.5	2459.5	2569.5	3977.5
A	RA320	CAP_NET_ELC	PRR_MAIN	MW	NO	: 	0	0	0	0	0	0	0	0	0	0	0	0	0	0	0	0	0	0	0	0	0	0	0	0	0	0	0	0	0	0	0	0	0
A	RA320	CAP_NET_ELC	PRR_MAIN	MW	PL	: 	: 	: 	: 	: 	: 	: 	: 	: 	: 	: 	: 	: 	: 	: 	: 	: 	: 	: 	: 	: 	: 	: 	: 	: 	: 	: 	: 	: 	: 	: 	0	0	0
A	RA320	CAP_NET_ELC	PRR_MAIN	MW	PT	: 	: 	: 	: 	: 	: 	: 	: 	: 	: 	: 	: 	: 	: 	: 	: 	: 	: 	: 	: 	: 	: 	: 	: 	: 	: 	: 	: 	: 	: 	: 	0	24.999	24.999
A	RA320	CAP_NET_ELC	PRR_MAIN	MW	RO	: 	: 	: 	: 	: 	: 	: 	: 	: 	: 	: 	: 	: 	: 	: 	: 	: 	: 	: 	: 	: 	: 	: 	: 	: 	: 	: 	: 	: 	: 	: 	: 	0	0
A	RA320	CAP_NET_ELC	PRR_MAIN	MW	RS	: 	: 	: 	: 	: 	: 	: 	: 	: 	: 	: 	: 	: 	: 	: 	: 	: 	: 	: 	: 	: 	: 	: 	: 	0	0	0	0	0	0	0	0	0	: 
A	RA320	CAP_NET_ELC	PRR_MAIN	MW	SE	: 	: 	: 	: 	: 	: 	: 	: 	: 	: 	: 	: 	: 	: 	: 	: 	: 	: 	: 	: 	0	0	0	0	0	0	0	0	0	0	0	0	193	193
A	RA320	CAP_NET_ELC	PRR_MAIN	MW	SI	: 	: 	: 	: 	: 	: 	: 	: 	: 	: 	: 	: 	: 	: 	: 	: 	: 	: 	: 	: 	: 	: 	: 	: 	: 	: 	: 	: 	0	0	0	0	0	0
A	RA320	CAP_NET_ELC	PRR_MAIN	MW	SK	: 	: 	: 	: 	: 	: 	: 	: 	: 	: 	: 	: 	: 	: 	: 	: 	: 	: 	: 	: 	: 	: 	: 	: 	: 	: 	: 	: 	: 	0	0	0	0	0
A	RA320	CAP_NET_ELC	PRR_MAIN	MW	TR	: 	: 	: 	: 	: 	: 	: 	: 	: 	: 	: 	: 	: 	: 	: 	: 	: 	: 	: 	: 	: 	: 	: 	: 	: 	: 	: 	: 	: 	: 	: 	: 	0	0
A	RA320	CAP_NET_ELC	PRR_MAIN	MW	XK	: 	: 	: 	: 	: 	: 	: 	: 	: 	: 	: 	: 	: 	: 	: 	: 	: 	: 	: 	: 	: 	: 	: 	: 	: 	: 	: 	: 	: 	: 	: 	: 	: 	0
A	RA410	CAP_NET_ELC	PRR_MAIN	MW	AL	: 	: 	: 	: 	: 	: 	: 	: 	: 	: 	: 	: 	: 	: 	: 	: 	: 	: 	: 	: 	: 	0	0	0	0	0	0	0	0	0	0	0	0	0
A	RA410	CAP_NET_ELC	PRR_MAIN	MW	AT	0	0	0	0	0	0	0	0	0	0	0	0	0	0	0	0	0	0	0	0	0	0	0	0	0	0	0	0	0	0	0	0	0	0
A	RA410	CAP_NET_ELC	PRR_MAIN	MW	BA	: 	: 	: 	: 	: 	: 	: 	: 	: 	: 	: 	: 	: 	: 	: 	: 	: 	: 	: 	: 	: 	: 	: 	: 	0	0	0	0	0	0	0	0	0	0
A	RA410	CAP_NET_ELC	PRR_MAIN	MW	BE	0	0	0	0	0	0	0	0	0	0	0	0	0	0	0	0	0	0	0	0	0	0	0	0	0	0	0	0	0	0	0	0	0	0
A	RA410	CAP_NET_ELC	PRR_MAIN	MW	BG	0	0	0	0	0	0	0	0	0	0	0	0	0	0	0	0	0	0	0	0	0	0	0	0	0	0	0	0	0	0	0	0	0	0
A	RA410	CAP_NET_ELC	PRR_MAIN	MW	CY	0	0	0	0	0	0	0	0	0	0	0	0	0	0	0	0	0	0	0	0	0	0	0	0	0	0	0	0	0	0	0	0	0	0
A	RA410	CAP_NET_ELC	PRR_MAIN	MW	CZ	0	0	0	0	0	0	0	0	0	0	0	0	0	0	0	0	0	0	0	0	0	0	0	0	0	0	0	0	0	0	0	0	0	0
A	RA410	CAP_NET_ELC	PRR_MAIN	MW	DE	0	0	0	0	0	0	0	0	0	0	0	0	0	0	0	0	0	0	0	2	2	2	2	2	2	2	2	2	2	2	2	2	0	0
A	RA410	CAP_NET_ELC	PRR_MAIN	MW	DK	0	0	0	0	0	0	0	0	0	0	0	0	0	0	0	0	0	0	0	0	0	0	0	0	0	0	0	0	0	0	0	0	0	0
A	RA410	CAP_NET_ELC	PRR_MAIN	MW	EE	0	0	0	0	0	0	0	0	0	0	0	0	0	0	0	0	0	0	0	0	0	0	0	0	0	0	0	0	0	0	0	0	0	0
A	RA410	CAP_NET_ELC	PRR_MAIN	MW	EL	0	0	0	0	0	0	0	0	0	0	0	0	0	0	0	0	0	0	0	0	0	0	0	0	0	0	0	0	0	0	0	0	0	0
A	RA410	CAP_NET_ELC	PRR_MAIN	MW	ES	0	0	0	0	0	0	0	0	0	0	0	0	0	0	0	0	11	11	61	282	732	1149	2000	2304.063	2304.063	2304.063	2304.063	2304.063	2304.063	2304.013	2304.013	2304.013	2304.013	2304.013
A	RA410	CAP_NET_ELC	PRR_MAIN	MW	FI	0	0	0	0	0	0	0	0	0	0	0	0	0	0	0	0	0	0	0	0	0	0	0	0	0	0	0	0	0	0	0	0	0	0
A	RA410	CAP_NET_ELC	PRR_MAIN	MW	FR	0	0	0	0	0	0	0	0	0	0	0	0	0	0	0	0	0	0	0	0	0	0	0	0	0	0	0	0	0	0	0	0	0	0
A	RA410	CAP_NET_ELC	PRR_MAIN	MW	GE	: 	: 	: 	: 	: 	: 	: 	: 	: 	: 	: 	: 	: 	: 	: 	: 	: 	: 	: 	: 	: 	: 	: 	: 	: 	: 	: 	: 	: 	: 	: 	: 	0	0
A	RA410	CAP_NET_ELC	PRR_MAIN	MW	HR	0	0	0	0	0	0	0	0	0	0	0	0	0	0	0	0	0	0	0	0	0	0	0	0	0	0	0	0	0	0	0	0	0	0
A	RA410	CAP_NET_ELC	PRR_MAIN	MW	HU	0	0	0	0	0	0	0	0	0	0	0	0	0	0	0	0	0	0	0	0	0	0	0	0	0	0	0	0	0	0	0	0	0	0
A	RA410	CAP_NET_ELC	PRR_MAIN	MW	IE	0	0	0	0	0	0	0	0	0	0	0	0	0	0	0	0	0	0	0	0	0	0	0	0	0	0	0	0	0	0	0	0	0	0
A	RA410	CAP_NET_ELC	PRR_MAIN	MW	IT	0	0	0	0	0	0	0	0	0	0	0	0	0	0	0	0	0	0	0	0	0	0	0	0	0	0	0	0	0	0	0	0	0	0
A	RA410	CAP_NET_ELC	PRR_MAIN	MW	LI	: 	: 	: 	: 	: 	: 	: 	: 	: 	: 	: 	: 	: 	: 	: 	: 	: 	: 	: 	: 	: 	: 	: 	: 	0	0	0	0	0	0	0	0	0	0
A	RA410	CAP_NET_ELC	PRR_MAIN	MW	LT	0	0	0	0	0	0	0	0	0	0	0	0	0	0	0	0	0	0	0	0	0	0	0	0	0	0	0	0	0	0	0	0	0	0
A	RA410	CAP_NET_ELC	PRR_MAIN	MW	LU	0	0	0	0	0	0	0	0	0	0	0	0	0	0	0	0	0	0	0	0	0	0	0	0	0	0	0	0	0	0	0	0	0	0
A	RA410	CAP_NET_ELC	PRR_MAIN	MW	LV	0	0	0	0	0	0	0	0	0	0	0	0	0	0	0	0	0	0	0	0	0	0	0	0	0	0	0	0	0	0	0	0	0	0
A	RA410	CAP_NET_ELC	PRR_MAIN	MW	MD	: 	: 	: 	: 	: 	: 	: 	: 	: 	: 	: 	: 	: 	: 	: 	: 	: 	: 	: 	: 	: 	: 	: 	: 	: 	: 	: 	: 	: 	: 	: 	: 	0	0
A	RA410	CAP_NET_ELC	PRR_MAIN	MW	ME	: 	: 	: 	: 	: 	: 	: 	: 	: 	: 	: 	: 	: 	: 	: 	0	0	0	0	0	0	0	0	0	0	0	0	0	0	0	0	0	0	0
A	RA410	CAP_NET_ELC	PRR_MAIN	MW	MK	: 	: 	: 	: 	: 	: 	: 	: 	: 	: 	: 	: 	: 	: 	: 	: 	: 	: 	: 	: 	: 	0	0	0	0	0	0	0	0	0	0	0	0	0
A	RA410	CAP_NET_ELC	PRR_MAIN	MW	MT	0	0	0	0	0	0	0	0	0	0	0	0	0	0	0	0	0	0	0	0	0	0	0	0	0	0	0	0	0	0	0	0	0	0
A	RA410	CAP_NET_ELC	PRR_MAIN	MW	NL	0	0	0	0	0	0	0	0	0	0	0	0	0	0	0	0	0	0	0	0	0	0	0	0	0	0	0	0	0	0	0	0	0	0
A	RA410	CAP_NET_ELC	PRR_MAIN	MW	NO	: 	0	0	0	0	0	0	0	0	0	0	0	0	0	0	0	0	0	0	0	0	0	0	0	0	0	0	0	0	0	0	0	0	0
A	RA410	CAP_NET_ELC	PRR_MAIN	MW	PL	0	0	0	0	0	0	0	0	0	0	0	0	0	0	0	0	0	0	0	0	0	0	0	0	0	0	0	0	0	0	0	0	0	0
A	RA410	CAP_NET_ELC	PRR_MAIN	MW	PT	0	0	0	0	0	0	0	0	0	0	0	0	0	0	0	0	0	0	0	0	0	0	0	0	0	0	0	0	0	0	0	0	0	0
A	RA410	CAP_NET_ELC	PRR_MAIN	MW	RO	0	0	0	0	0	0	0	0	0	0	0	0	0	0	0	0	0	0	0	0	0	0	0	0	0	0	0	0	0	0	0	0	0	0
A	RA410	CAP_NET_ELC	PRR_MAIN	MW	RS	: 	: 	: 	: 	: 	: 	: 	: 	: 	: 	: 	0	0	0	0	0	0	0	0	0	0	0	0	0	0	0	0	0	0	0	0	0	0	: 
A	RA410	CAP_NET_ELC	PRR_MAIN	MW	SE	0	0	0	0	0	0	0	0	0	0	0	0	0	0	0	0	0	0	0	0	0	0	0	0	0	0	0	0	0	0	0	0	0	0
A	RA410	CAP_NET_ELC	PRR_MAIN	MW	SI	0	0	0	0	0	0	0	0	0	0	0	0	0	0	0	0	0	0	0	0	0	0	0	0	0	0	0	0	0	0	0	0	0	0
A	RA410	CAP_NET_ELC	PRR_MAIN	MW	SK	0	0	0	0	0	0	0	0	0	0	0	0	0	0	0	0	0	0	0	0	0	0	0	0	0	0	0	0	0	0	0	0	0	0
A	RA410	CAP_NET_ELC	PRR_MAIN	MW	TR	: 	: 	: 	: 	: 	: 	: 	: 	: 	: 	: 	0	0	0	0	0	0	0	0	0	0	0	0	0	0	0	0	0	0	0	0	0	0	0
A	RA410	CAP_NET_ELC	PRR_MAIN	MW	XK	: 	: 	: 	: 	: 	: 	: 	: 	: 	: 	: 	: 	: 	: 	: 	: 	: 	: 	: 	: 	: 	: 	: 	: 	: 	: 	: 	: 	: 	: 	: 	: 	: 	0
A	RA420	CAP_NET_ELC	PRR_MAIN	MW	AL	: 	: 	: 	: 	: 	: 	: 	: 	: 	: 	: 	: 	: 	: 	: 	: 	: 	: 	: 	: 	: 	0	0	0	0	0	0	1	1	14	21	23	100.14	206.734
A	RA420	CAP_NET_ELC	PRR_MAIN	MW	AT	0	0	1	1	1	1	2	2	3	4	5	7	9	23	27	21.018	22.387	24.238	30.12	48.915	88.813	174.07	337.483	625.974	785.246	937.098	1096.016	1268.971	1455.132	1702.093	2042.934	115.602	188.704	246.811
A	RA420	CAP_NET_ELC	PRR_MAIN	MW	BA	: 	: 	: 	: 	: 	: 	: 	: 	: 	: 	: 	: 	: 	: 	: 	: 	: 	: 	: 	: 	: 	: 	: 	: 	0	0	0	16	18.15	22.35	34.89	56.51	101.56	212.19
A	RA420	CAP_NET_ELC	PRR_MAIN	MW	BE	0	0	0	0	0	0	0	0	0	0	0	0	1	1	1	0	0	0	5	0	4.6	4.6	4.6	4.6	4.6	4.6	4.6	4.6	4.6	4.6	4.6	9.1	9.5	21.4
A	RA420	CAP_NET_ELC	PRR_MAIN	MW	BG	0	0	0	0	0	0	0	0	0	0	0	0	0	0	0	0	0	0	0	2	25	154	922	1039	1029	1028	1030	1030.701	1033.058	1044.39	1100.211	1274.713	1666.593	2781.172
A	RA420	CAP_NET_ELC	PRR_MAIN	MW	CY	0	0	0	0	0	0	0	0	0	0	0	0	0	0	0	1	1	1	2	4	6	9	16	31	46	50	54	75.041	78.085	88.183	137.078	188.15	244.292	295.841
A	RA420	CAP_NET_ELC	PRR_MAIN	MW	CZ	0	0	0	0	0	0	0	0	0	0	0.072	0.124	0.155	0.289	0.413	0.586	0.841	3.961	39.5	464.6	1727	1909.353	2014.161	2052.946	2056.459	2063.038	2055.408	2061.906	2067.52	2084.848	2124.177	2176.671	2403.759	1483.476
A	RA420	CAP_NET_ELC	PRR_MAIN	MW	DE	2	2	6	9	12	18	28	42	54	70	114	195	260	435	1105	2056	2899	4170	6120	10564	18004	25914	34075	36708	37898	39222	40677	42291	45156	48912	53669	60036	61188	74882
A	RA420	CAP_NET_ELC	PRR_MAIN	MW	DK	0	0	0	0	0	0	0	0	0	0	0	0	0	0	0	0	0	0	0	0	0	0	0	0	0	0	0	0	0	0	0	0	0	0
A	RA420	CAP_NET_ELC	PRR_MAIN	MW	EE	0	0	0	0	0	0	0	0	0	0	0	0	0	0	0	0	0	0	0	0	0	0	0	0	0	0	10	15	31.9	120.6	207.67	394.77	520	813
A	RA420	CAP_NET_ELC	PRR_MAIN	MW	EL	0	0	0	0	0	0	0	0	0	0	0	1	1	1	1	1	5	9	12	46	202	612	1536	2579	2596	2604	2604	2605.53	2651.031	2833.798	3287.715	4277.42	5430.083	6688.703
A	RA420	CAP_NET_ELC	PRR_MAIN	MW	ES	0	0	0	0	0	0	0	0	0	0	1	3	6	10	19	37	113	476	3365	3403	3851	4260	4545	4665	4672	4677	4687	4696	4730.7	8739.958	9950.533	12951.215	20436.252	23635.221
A	RA420	CAP_NET_ELC	PRR_MAIN	MW	FI	0	0	0	0	0	0	0	0	0	0	0	0	0	0	0	0	0	0	0	0	0	0	0	0	0	1	3	3	3	7	7	7	16	62
A	RA420	CAP_NET_ELC	PRR_MAIN	MW	FR	0	0	0	0	0	0	0	0	0	0	0	0	0	0	2	3	5	13	15	21	172	1823.052	2858.983	3580.35	4118.284	5070.444	5506.619	6264.215	7050.279	7914.471	8753.321	10923.55	13193.042	11459.532
A	RA420	CAP_NET_ELC	PRR_MAIN	MW	GE	: 	: 	: 	: 	: 	: 	: 	: 	: 	: 	: 	: 	: 	: 	: 	: 	: 	: 	: 	: 	: 	: 	: 	: 	: 	: 	: 	: 	: 	: 	: 	: 	0	0
A	RA420	CAP_NET_ELC	PRR_MAIN	MW	HR	0	0	0	0	0	0	0	0	0	0	0	0	0	0	0	0	0	0	0	0	0	0	4	19	33	47.8	55.8	60	67.7	84.8	108.5	138.3	222	462.5
A	RA420	CAP_NET_ELC	PRR_MAIN	MW	HU	0	0	0	0	0	0	0	0	0	0	0	0	0	0	0	0	0	0	0	0	0	0	0	0	0	16	26	42	282	699	1126	1555	2217	2857
A	RA420	CAP_NET_ELC	PRR_MAIN	MW	IE	0	0	0	0	0	0	0	0	0	0	0	0	0	0	0	0	0	0	0	0	0	0	0	0	0	0	0	0	0	0	0	0	34.19	445.119
A	RA420	CAP_NET_ELC	PRR_MAIN	MW	IT	4	5	8	12	14	16	16	17	18	18	19	20	22	26	31	34	45	110	483	1264	3592	13131	16785	18185	18594	18901	19283	19682.293	20107.589	20865.275	21650.035	11987.716	12444.593	13460.104
A	RA420	CAP_NET_ELC	PRR_MAIN	MW	LI	: 	: 	: 	: 	: 	: 	: 	: 	: 	: 	: 	: 	: 	: 	: 	: 	: 	: 	: 	: 	: 	: 	: 	: 	0	0	0	0	0	0	0	0	0	60.173
A	RA420	CAP_NET_ELC	PRR_MAIN	MW	LT	0	0	0	0	0	0	0	0	0	0	0	0	0	0	0	0	0	0	0	0	0	0	7	65.654	66.606	66.606	67.541	71.247	79.088	100.014	160.495	250.881	567.468	1153
A	RA420	CAP_NET_ELC	PRR_MAIN	MW	LU	0	0	0	0	0	0	0	0	0	0	0	0	0	0	0	0	0	0	0	0	0	0	0	0	0	0	0	0	0	0	0	0	0	0
A	RA420	CAP_NET_ELC	PRR_MAIN	MW	LV	0	0	0	0	0	0	0	0	0	0	0	0	0	0	0	0	0	0	0	0	0	0	0	0	0	0	0	0	0.2	0.237	0.247	0.247	1.657	54.855
A	RA420	CAP_NET_ELC	PRR_MAIN	MW	MD	: 	: 	: 	: 	: 	: 	: 	: 	: 	: 	: 	: 	: 	: 	: 	: 	: 	: 	: 	: 	: 	: 	: 	: 	: 	: 	: 	: 	: 	: 	: 	: 	13.6	35
A	RA420	CAP_NET_ELC	PRR_MAIN	MW	ME	: 	: 	: 	: 	: 	: 	: 	: 	: 	: 	: 	: 	: 	: 	: 	0	0	0	0	0	0	0	0	0	0	0	0	0	0	0	0.7	2.57	2.87	17.3
A	RA420	CAP_NET_ELC	PRR_MAIN	MW	MK	: 	: 	: 	: 	: 	: 	: 	: 	: 	: 	: 	: 	: 	: 	: 	: 	: 	: 	: 	: 	: 	2	4	7	15	16.7	16.699	16.699	16.699	23.99	29.72	45.2	120	401.067
A	RA420	CAP_NET_ELC	PRR_MAIN	MW	MT	0	0	0	0	0	0	0	0	0	0	0	0	0	0	0	0	0	0	0	0	0	0	0	0	0	0	0	0	0	0	0	0	0	0
A	RA420	CAP_NET_ELC	PRR_MAIN	MW	NL	0	0	0	0	0	0	0	0	0	0	0	2	2	2	3	3	3	3	4	4	5	6	6.659	7.179	7.776	20.65	88.24	127.702	480	848	1878.613	2811.197	3402.563	4098.624
A	RA420	CAP_NET_ELC	PRR_MAIN	MW	NO	: 	0	0	0	0	0	0	0	0	0	0	0	0	0	0	0	0	0	0	0	0	0	0	0	0	0	0	0	0	0	0	0	0	0
A	RA420	CAP_NET_ELC	PRR_MAIN	MW	PL	0	0	0	0	0	0	0	0	0	0	0	0	0	0	0	0	0	0	0	0	0	0	0	0	0	0	0	0	0	0	0	0	313.058	1082.484
A	RA420	CAP_NET_ELC	PRR_MAIN	MW	PT	0	0	0	0	0	0	0	1	1	1	1	1	1	2	2	2	3	24	59	115	134	109	136	143	225	247	258	271.177	310.038	381.532	495.132	914.613	1385.681	1914.585
A	RA420	CAP_NET_ELC	PRR_MAIN	MW	RO	0	0	0	0	0	0	0	0	0	0	0	0	0	0	0	0	0	0	0	0	0	0	14	451	838	888	918	1014.757	1029.167	1030.04	1004.499	1078.984	1137.982	1431.115
A	RA420	CAP_NET_ELC	PRR_MAIN	MW	RS	: 	: 	: 	: 	: 	: 	: 	: 	: 	: 	: 	0	0	0	0	0	0	0	0	0	0	0	0	0	6	9	11	10	11	11	11.5	12.128	13.191	: 
A	RA420	CAP_NET_ELC	PRR_MAIN	MW	SE	0	0	1	1	1	2	2	2	2	3	3	3	3	4	4	4	5	6	8	9	11	12	24	43	60	104	153	244	428	714	1107	1606	1119	1937
A	RA420	CAP_NET_ELC	PRR_MAIN	MW	SI	0	0	0	0	0	0	0	0	0	0	0	0	0	0	0	0	0	0	1	1	1	2	5	6	6	7	6	6.77	6.77	7.34	8.003	11.165	12.378	16.957
A	RA420	CAP_NET_ELC	PRR_MAIN	MW	SK	0	0	0	0	0	0	0	0	0	0	0	0	0	0	0	0	0	0	0	0	2	108	105	103	103	103	103	149	199	215	188	194	199	203
A	RA420	CAP_NET_ELC	PRR_MAIN	MW	TR	: 	: 	: 	: 	: 	: 	: 	: 	: 	: 	: 	0	0	0	0	0	0	0	0	0	0	0	0	0	40	249	480	2393.9	3876.4	4619.371	4891.07	5506.293	6224.651	7020.028
A	RA420	CAP_NET_ELC	PRR_MAIN	MW	XK	: 	: 	: 	: 	: 	: 	: 	: 	: 	: 	: 	: 	: 	: 	: 	: 	: 	: 	: 	: 	: 	: 	: 	: 	: 	: 	: 	: 	: 	: 	: 	: 	: 	13.4
A	RA420AC	CAP_NET_ELC	PRR_MAIN	MW	AL	: 	: 	: 	: 	: 	: 	: 	: 	: 	: 	: 	: 	: 	: 	: 	: 	: 	: 	: 	: 	: 	: 	: 	: 	: 	: 	: 	: 	: 	: 	: 	: 	100.14	206.734
A	RA420AC	CAP_NET_ELC	PRR_MAIN	MW	AT	: 	: 	: 	: 	: 	: 	: 	: 	: 	: 	: 	: 	: 	: 	: 	: 	: 	: 	: 	: 	: 	: 	: 	: 	: 	: 	: 	0	0	0	0	0	0	0
A	RA420AC	CAP_NET_ELC	PRR_MAIN	MW	BA	: 	: 	: 	: 	: 	: 	: 	: 	: 	: 	: 	: 	: 	: 	: 	: 	: 	: 	: 	: 	: 	: 	: 	: 	: 	: 	: 	: 	: 	: 	: 	: 	101.56	212.19
A	RA420AC	CAP_NET_ELC	PRR_MAIN	MW	BE	: 	: 	: 	: 	: 	: 	: 	: 	: 	: 	: 	: 	: 	: 	: 	: 	: 	: 	: 	0	4.6	4.6	4.6	4.6	4.6	4.6	4.6	4.6	4.6	4.6	4.6	9.1	9.5	21.4
A	RA420AC	CAP_NET_ELC	PRR_MAIN	MW	BG	: 	: 	: 	: 	: 	: 	: 	: 	: 	: 	: 	: 	: 	: 	: 	: 	: 	: 	: 	2	25	154	922	1039	1029	1028	1030	1030.701	1033.058	1044.39	1100.211	1274.713	1666.593	2781.172
A	RA420AC	CAP_NET_ELC	PRR_MAIN	MW	CY	: 	: 	: 	: 	: 	: 	: 	: 	: 	: 	: 	: 	: 	: 	: 	1	1	1	2	4	6	9	16	31	46	50	54	75.041	78.085	88.183	137.078	188.15	244.292	295.841
A	RA420AC	CAP_NET_ELC	PRR_MAIN	MW	CZ	: 	: 	: 	: 	: 	: 	: 	: 	: 	: 	0.072	0.124	0.155	0.289	0.413	0.586	0.841	3.961	39.5	464.6	1727	1909.353	2014.161	2052.946	2056.459	2063.038	2055.408	2061.906	2067.52	2084.848	2124.177	2176.671	2403.759	1483.476
A	RA420AC	CAP_NET_ELC	PRR_MAIN	MW	DE	: 	: 	: 	: 	: 	: 	: 	: 	: 	: 	: 	: 	: 	: 	: 	: 	: 	: 	: 	: 	: 	: 	: 	: 	: 	: 	: 	: 	: 	: 	: 	0	61188	74882
A	RA420AC	CAP_NET_ELC	PRR_MAIN	MW	DK	0	0	0	0	0	0	0	0	0	0	0	0	0	0	0	0	0	0	0	0	0	0	0	0	0	0	0	0	0	0	0	0	0	0
A	RA420AC	CAP_NET_ELC	PRR_MAIN	MW	EE	: 	: 	: 	: 	: 	: 	: 	: 	: 	: 	: 	: 	: 	: 	: 	: 	: 	: 	: 	: 	: 	: 	: 	: 	: 	: 	: 	: 	: 	: 	: 	394.77	520	813
A	RA420AC	CAP_NET_ELC	PRR_MAIN	MW	EL	: 	: 	: 	: 	: 	: 	: 	: 	: 	: 	: 	1	1	1	1	1	5	9	12	46	202	612	1536	2579	2596	2604	2604	2605.53	2651.031	2833.798	3287.715	4277.42	5430.083	6688.703
A	RA420AC	CAP_NET_ELC	PRR_MAIN	MW	ES	0	0	0	0	0	0	0	0	0	0	1	3	6	10	19	37	113	476	3365	3403	3851	4260	4545	4665	4672	4677	4687	4696	4730.7	8739.958	9950.533	12951.215	20436.252	23635.221
A	RA420AC	CAP_NET_ELC	PRR_MAIN	MW	FI	: 	: 	: 	: 	: 	: 	: 	: 	: 	: 	: 	: 	: 	: 	: 	: 	: 	: 	: 	: 	: 	: 	: 	: 	: 	: 	: 	: 	: 	: 	: 	: 	: 	0
A	RA420AC	CAP_NET_ELC	PRR_MAIN	MW	FR	: 	: 	: 	: 	: 	: 	: 	: 	: 	: 	: 	: 	: 	: 	: 	: 	: 	: 	: 	: 	: 	0	0	0	0	0	0	0	0	0	0	0	0	11459.532
A	RA420AC	CAP_NET_ELC	PRR_MAIN	MW	GE	: 	: 	: 	: 	: 	: 	: 	: 	: 	: 	: 	: 	: 	: 	: 	: 	: 	: 	: 	: 	: 	: 	: 	: 	: 	: 	: 	: 	: 	: 	: 	: 	0	0
A	RA420AC	CAP_NET_ELC	PRR_MAIN	MW	HR	: 	: 	: 	: 	: 	: 	: 	: 	: 	: 	: 	: 	: 	: 	: 	: 	: 	: 	: 	: 	: 	: 	: 	: 	: 	: 	: 	: 	: 	: 	: 	: 	222	462.5
A	RA420AC	CAP_NET_ELC	PRR_MAIN	MW	HU	: 	: 	: 	: 	: 	: 	: 	: 	: 	: 	: 	: 	: 	: 	: 	: 	: 	: 	: 	: 	: 	: 	: 	: 	: 	: 	: 	: 	: 	: 	: 	1555	2217	2857
A	RA420AC	CAP_NET_ELC	PRR_MAIN	MW	IE	0	0	0	0	0	0	0	0	0	0	0	0	0	0	0	0	0	0	0	0	0	0	0	0	0	0	0	0	0	0	0	0	34.19	445.119
A	RA420AC	CAP_NET_ELC	PRR_MAIN	MW	IT	: 	: 	: 	: 	: 	: 	: 	: 	: 	: 	: 	: 	: 	: 	: 	: 	: 	: 	: 	: 	: 	: 	: 	: 	: 	: 	: 	: 	: 	: 	: 	11987.716	12444.593	13460.104
A	RA420AC	CAP_NET_ELC	PRR_MAIN	MW	LI	: 	: 	: 	: 	: 	: 	: 	: 	: 	: 	: 	: 	: 	: 	: 	: 	: 	: 	: 	: 	: 	: 	: 	: 	: 	: 	: 	: 	: 	: 	: 	: 	0	60.173
A	RA420AC	CAP_NET_ELC	PRR_MAIN	MW	LT	: 	: 	: 	: 	: 	: 	: 	: 	: 	: 	: 	: 	: 	: 	: 	: 	: 	: 	: 	: 	: 	: 	7	65.654	66.606	66.606	67.541	71.247	79.088	100.014	160.495	250.881	567.468	1153
A	RA420AC	CAP_NET_ELC	PRR_MAIN	MW	LU	: 	: 	: 	: 	: 	: 	: 	: 	: 	: 	: 	: 	: 	: 	: 	: 	: 	: 	: 	: 	: 	: 	: 	: 	: 	: 	: 	: 	: 	: 	: 	0	0	0
A	RA420AC	CAP_NET_ELC	PRR_MAIN	MW	LV	: 	: 	: 	: 	: 	: 	: 	: 	: 	: 	: 	: 	: 	: 	: 	: 	: 	: 	: 	: 	: 	: 	: 	: 	: 	: 	: 	: 	: 	0.237	0.247	0.247	1.657	54.855
A	RA420AC	CAP_NET_ELC	PRR_MAIN	MW	MD	: 	: 	: 	: 	: 	: 	: 	: 	: 	: 	: 	: 	: 	: 	: 	: 	: 	: 	: 	: 	: 	: 	: 	: 	: 	: 	: 	: 	: 	: 	: 	: 	13.6	35
A	RA420AC	CAP_NET_ELC	PRR_MAIN	MW	ME	: 	: 	: 	: 	: 	: 	: 	: 	: 	: 	: 	: 	: 	: 	: 	: 	: 	: 	: 	: 	: 	: 	: 	: 	: 	: 	: 	: 	: 	: 	: 	: 	2.87	17.3
A	RA420AC	CAP_NET_ELC	PRR_MAIN	MW	MK	: 	: 	: 	: 	: 	: 	: 	: 	: 	: 	: 	: 	: 	: 	: 	: 	: 	: 	: 	: 	: 	0	0	0	0	0	0	16.699	16.699	23.99	29.72	45.2	120	401.067
A	RA420AC	CAP_NET_ELC	PRR_MAIN	MW	MT	: 	: 	: 	: 	: 	: 	: 	: 	: 	: 	: 	: 	: 	: 	: 	: 	: 	: 	: 	: 	: 	: 	: 	: 	: 	: 	: 	: 	: 	: 	: 	0	0	0
A	RA420AC	CAP_NET_ELC	PRR_MAIN	MW	NL	: 	: 	: 	: 	: 	: 	: 	: 	: 	: 	: 	: 	: 	: 	: 	: 	: 	: 	: 	: 	: 	: 	: 	: 	: 	20.65	88.24	127.702	480	848	1878.613	2811.197	3402.563	4098.624
A	RA420AC	CAP_NET_ELC	PRR_MAIN	MW	NO	: 	0	0	0	0	0	0	0	0	0	0	0	0	0	0	0	0	0	0	0	0	0	0	0	0	0	0	0	0	0	0	0	0	0
A	RA420AC	CAP_NET_ELC	PRR_MAIN	MW	PL	: 	: 	: 	: 	: 	: 	: 	: 	: 	: 	: 	: 	: 	: 	: 	: 	: 	: 	: 	: 	: 	: 	: 	: 	: 	: 	: 	: 	: 	: 	: 	0	0	0
A	RA420AC	CAP_NET_ELC	PRR_MAIN	MW	PT	: 	: 	: 	: 	: 	: 	: 	: 	: 	: 	: 	: 	: 	: 	: 	: 	: 	: 	: 	: 	: 	: 	: 	: 	: 	: 	: 	: 	: 	: 	: 	914.613	1385.681	1914.585
A	RA420AC	CAP_NET_ELC	PRR_MAIN	MW	RO	: 	: 	: 	: 	: 	: 	: 	: 	: 	: 	: 	: 	: 	: 	: 	: 	: 	: 	: 	: 	: 	: 	: 	: 	: 	: 	: 	: 	: 	: 	: 	: 	1137.982	1431.115
A	RA420AC	CAP_NET_ELC	PRR_MAIN	MW	RS	: 	: 	: 	: 	: 	: 	: 	: 	: 	: 	: 	: 	: 	: 	: 	: 	: 	: 	: 	: 	: 	: 	: 	: 	6	9	11	10	11	11	11.5	12.128	13.191	: 
A	RA420AC	CAP_NET_ELC	PRR_MAIN	MW	SE	: 	: 	: 	: 	: 	: 	: 	: 	: 	: 	: 	: 	: 	: 	: 	: 	: 	: 	: 	: 	11	12	24	43	60	104	153	244	428	714	1107	1606	1119	1937
A	RA420AC	CAP_NET_ELC	PRR_MAIN	MW	SI	: 	: 	: 	: 	: 	: 	: 	: 	: 	: 	: 	: 	: 	: 	: 	: 	: 	: 	: 	: 	: 	: 	: 	: 	: 	: 	: 	: 	6.77	7.34	8.003	11.165	12.378	16.957
A	RA420AC	CAP_NET_ELC	PRR_MAIN	MW	SK	: 	: 	: 	: 	: 	: 	: 	: 	: 	: 	: 	: 	: 	: 	: 	: 	: 	: 	: 	: 	: 	: 	: 	: 	: 	: 	: 	: 	: 	215	188	194	199	203
A	RA420AC	CAP_NET_ELC	PRR_MAIN	MW	TR	: 	: 	: 	: 	: 	: 	: 	: 	: 	: 	: 	: 	: 	: 	: 	: 	: 	: 	: 	: 	: 	: 	: 	: 	: 	: 	: 	: 	: 	: 	: 	: 	6224.651	7020.028
A	RA420AC	CAP_NET_ELC	PRR_MAIN	MW	XK	: 	: 	: 	: 	: 	: 	: 	: 	: 	: 	: 	: 	: 	: 	: 	: 	: 	: 	: 	: 	: 	: 	: 	: 	: 	: 	: 	: 	: 	: 	: 	: 	: 	0
A	RA420DC	CAP_NET_ELC	PRR_MAIN	MW	AL	: 	: 	: 	: 	: 	: 	: 	: 	: 	: 	: 	: 	: 	: 	: 	: 	: 	: 	: 	: 	: 	: 	: 	: 	: 	: 	: 	: 	: 	: 	: 	: 	0	218.425
A	RA420DC	CAP_NET_ELC	PRR_MAIN	MW	AT	: 	: 	: 	: 	: 	: 	: 	: 	: 	: 	: 	: 	: 	: 	: 	: 	: 	: 	: 	: 	: 	: 	: 	: 	: 	: 	: 	1268.971	1455.132	1702.093	2042.934	115.602	188.704	246.811
A	RA420DC	CAP_NET_ELC	PRR_MAIN	MW	BA	: 	: 	: 	: 	: 	: 	: 	: 	: 	: 	: 	: 	: 	: 	: 	: 	: 	: 	: 	: 	: 	: 	: 	: 	: 	: 	: 	: 	: 	: 	: 	: 	0	0
A	RA420DC	CAP_NET_ELC	PRR_MAIN	MW	BE	: 	: 	: 	: 	: 	: 	: 	: 	: 	: 	: 	: 	: 	: 	: 	: 	: 	: 	: 	0	5.5	5.5	5.5	5.5	5.5	5.5	5.5	5.5	5.5	5.5	5.5	10.8	11.4	26.4
A	RA420DC	CAP_NET_ELC	PRR_MAIN	MW	BG	: 	: 	: 	: 	: 	: 	: 	: 	: 	: 	: 	: 	: 	: 	: 	: 	: 	: 	: 	2	25	154	922	1039	1029	1028	1030	1030.701	1033.058	1044.39	1100.211	1274.713	1666.593	2781.172
A	RA420DC	CAP_NET_ELC	PRR_MAIN	MW	CY	: 	: 	: 	: 	: 	: 	: 	: 	: 	: 	: 	: 	: 	: 	: 	0	0	0	0	0	0	0	0	0	0	0	0	0	0	0	0	0	0	328.712
A	RA420DC	CAP_NET_ELC	PRR_MAIN	MW	CZ	: 	: 	: 	: 	: 	: 	: 	: 	: 	: 	0.072	0.124	0.155	0.289	0.413	0.586	0.841	3.961	39.5	464.6	1727	1913	2022	2063.5	2067.4	2074.9	2067.9	2075.438	2081.52	2097.139	2137.257	2190.958	2420.481	1493.225
A	RA420DC	CAP_NET_ELC	PRR_MAIN	MW	DE	: 	: 	: 	: 	: 	: 	: 	: 	: 	: 	: 	: 	: 	: 	: 	: 	: 	: 	: 	: 	: 	: 	: 	: 	: 	: 	: 	: 	: 	: 	: 	60036	67630	82759
A	RA420DC	CAP_NET_ELC	PRR_MAIN	MW	DK	0	0	0	0	0	0	0	0	0	0	0	0	0	0	0	0	0	0	0	0	0	0	0	0	0	0	0	0	0	0	0	0	0	0
A	RA420DC	CAP_NET_ELC	PRR_MAIN	MW	EE	: 	: 	: 	: 	: 	: 	: 	: 	: 	: 	: 	: 	: 	: 	: 	: 	: 	: 	: 	: 	: 	: 	: 	: 	: 	: 	: 	: 	: 	: 	: 	0	0	0
A	RA420DC	CAP_NET_ELC	PRR_MAIN	MW	EL	: 	: 	: 	: 	: 	: 	: 	: 	: 	: 	: 	1	1	1	1	1	5	9	12	46	202	612	1536	2579	2596	2604	2604	2605.53	2651.031	2833.798	3287.715	4277.42	5430.083	7089.6
A	RA420DC	CAP_NET_ELC	PRR_MAIN	MW	ES	0	0	0	0	0	0	0	0	0	0	0	0	0	0	0	0	0	0	0	0	0	0	0	0	0	0	0	0	0	0	0	0	0	0
A	RA420DC	CAP_NET_ELC	PRR_MAIN	MW	FI	: 	: 	: 	: 	: 	: 	: 	: 	: 	: 	: 	: 	: 	: 	: 	: 	: 	: 	: 	: 	: 	: 	: 	: 	: 	: 	: 	: 	: 	: 	7	7	16	62
A	RA420DC	CAP_NET_ELC	PRR_MAIN	MW	FR	: 	: 	: 	: 	: 	: 	: 	: 	: 	: 	: 	: 	: 	: 	: 	: 	: 	: 	: 	: 	: 	1823.052	2858.983	3580.35	4118.284	5070.444	5506.619	6264.215	7050.279	7914.471	8753.321	10923.55	13193.042	14089.703
A	RA420DC	CAP_NET_ELC	PRR_MAIN	MW	GE	: 	: 	: 	: 	: 	: 	: 	: 	: 	: 	: 	: 	: 	: 	: 	: 	: 	: 	: 	: 	: 	: 	: 	: 	: 	: 	: 	: 	: 	: 	: 	: 	0	0
A	RA420DC	CAP_NET_ELC	PRR_MAIN	MW	HR	: 	: 	: 	: 	: 	: 	: 	: 	: 	: 	: 	: 	: 	: 	: 	: 	: 	: 	: 	: 	: 	: 	: 	: 	: 	: 	: 	: 	: 	: 	: 	: 	0	0
A	RA420DC	CAP_NET_ELC	PRR_MAIN	MW	HU	: 	: 	: 	: 	: 	: 	: 	: 	: 	: 	: 	: 	: 	: 	: 	: 	: 	: 	: 	: 	: 	: 	: 	: 	: 	: 	: 	: 	: 	: 	: 	1789	2677	3508
A	RA420DC	CAP_NET_ELC	PRR_MAIN	MW	IE	0	0	0	0	0	0	0	0	0	0	0	0	0	0	0	0	0	0	0	0	0	0	0	0	0	0	0	0	0	0	0	0	52.22	677.409
A	RA420DC	CAP_NET_ELC	PRR_MAIN	MW	IT	: 	: 	: 	: 	: 	: 	: 	: 	: 	: 	: 	: 	: 	: 	: 	: 	: 	: 	: 	: 	: 	: 	: 	: 	: 	: 	: 	: 	: 	: 	: 	12111.452	12612.113	13752.734
A	RA420DC	CAP_NET_ELC	PRR_MAIN	MW	LI	: 	: 	: 	: 	: 	: 	: 	: 	: 	: 	: 	: 	: 	: 	: 	: 	: 	: 	: 	: 	: 	: 	: 	: 	: 	: 	: 	: 	: 	: 	: 	: 	0	60.173
A	RA420DC	CAP_NET_ELC	PRR_MAIN	MW	LT	: 	: 	: 	: 	: 	: 	: 	: 	: 	: 	: 	: 	: 	: 	: 	: 	: 	: 	: 	: 	: 	: 	7	68	69	69	70	74	82	103	164	255	572	1165
A	RA420DC	CAP_NET_ELC	PRR_MAIN	MW	LU	: 	: 	: 	: 	: 	: 	: 	: 	: 	: 	: 	: 	: 	: 	: 	: 	: 	: 	: 	: 	: 	: 	: 	: 	: 	: 	: 	: 	: 	: 	: 	0	0	0
A	RA420DC	CAP_NET_ELC	PRR_MAIN	MW	LV	: 	: 	: 	: 	: 	: 	: 	: 	: 	: 	: 	: 	: 	: 	: 	: 	: 	: 	: 	: 	: 	: 	: 	: 	: 	: 	: 	: 	: 	0	0	0	22.178	0
A	RA420DC	CAP_NET_ELC	PRR_MAIN	MW	MD	: 	: 	: 	: 	: 	: 	: 	: 	: 	: 	: 	: 	: 	: 	: 	: 	: 	: 	: 	: 	: 	: 	: 	: 	: 	: 	: 	: 	: 	: 	: 	: 	0	0
A	RA420DC	CAP_NET_ELC	PRR_MAIN	MW	ME	: 	: 	: 	: 	: 	: 	: 	: 	: 	: 	: 	: 	: 	: 	: 	: 	: 	: 	: 	: 	: 	: 	: 	: 	: 	: 	: 	: 	: 	: 	: 	: 	0	0
A	RA420DC	CAP_NET_ELC	PRR_MAIN	MW	MK	: 	: 	: 	: 	: 	: 	: 	: 	: 	: 	: 	: 	: 	: 	: 	: 	: 	: 	: 	: 	: 	2	4	7	15	16.7	16.699	: 	: 	: 	: 	: 	: 	0
A	RA420DC	CAP_NET_ELC	PRR_MAIN	MW	MT	: 	: 	: 	: 	: 	: 	: 	: 	: 	: 	: 	: 	: 	: 	: 	: 	: 	: 	: 	: 	: 	: 	: 	: 	: 	: 	: 	: 	: 	: 	: 	0	0	0
A	RA420DC	CAP_NET_ELC	PRR_MAIN	MW	NL	: 	: 	: 	: 	: 	: 	: 	: 	: 	: 	: 	: 	: 	: 	: 	: 	: 	: 	: 	: 	: 	: 	: 	: 	: 	0	0	0	0	0	0	0	4132.977	5051.569
A	RA420DC	CAP_NET_ELC	PRR_MAIN	MW	NO	: 	0	0	0	0	0	0	0	0	0	0	0	0	0	0	0	0	0	0	0	0	0	0	0	0	0	0	0	0	0	0	0	0	0
A	RA420DC	CAP_NET_ELC	PRR_MAIN	MW	PL	: 	: 	: 	: 	: 	: 	: 	: 	: 	: 	: 	: 	: 	: 	: 	: 	: 	: 	: 	: 	: 	: 	: 	: 	: 	: 	: 	: 	: 	: 	: 	0	313.058	1082.484
A	RA420DC	CAP_NET_ELC	PRR_MAIN	MW	PT	: 	: 	: 	: 	: 	: 	: 	: 	: 	: 	: 	: 	: 	: 	: 	: 	: 	: 	: 	: 	: 	: 	: 	: 	: 	: 	: 	: 	: 	: 	: 	1054.69	1611.689	2220.919
A	RA420DC	CAP_NET_ELC	PRR_MAIN	MW	RO	: 	: 	: 	: 	: 	: 	: 	: 	: 	: 	: 	: 	: 	: 	: 	: 	: 	: 	: 	: 	: 	: 	: 	: 	: 	: 	: 	: 	: 	: 	: 	: 	0	0
A	RA420DC	CAP_NET_ELC	PRR_MAIN	MW	RS	: 	: 	: 	: 	: 	: 	: 	: 	: 	: 	: 	: 	: 	: 	: 	: 	: 	: 	: 	: 	: 	: 	: 	: 	0	0	0	0	0	0	0	0	0	: 
A	RA420DC	CAP_NET_ELC	PRR_MAIN	MW	SE	: 	: 	: 	: 	: 	: 	: 	: 	: 	: 	: 	: 	: 	: 	: 	: 	: 	: 	: 	: 	11	12	24.12	43.5	61.01	106.33	157.29	251.93	445.13	742.57	1159.15	1698.07	1159.375	2351
A	RA420DC	CAP_NET_ELC	PRR_MAIN	MW	SI	: 	: 	: 	: 	: 	: 	: 	: 	: 	: 	: 	: 	: 	: 	: 	: 	: 	: 	: 	: 	: 	: 	: 	: 	: 	: 	: 	: 	6.96	7.581	8.359	11.763	13.21	17.89
A	RA420DC	CAP_NET_ELC	PRR_MAIN	MW	SK	: 	: 	: 	: 	: 	: 	: 	: 	: 	: 	: 	: 	: 	: 	: 	: 	: 	: 	: 	: 	: 	: 	: 	: 	: 	: 	: 	: 	: 	0	0	0	0	0
A	RA420DC	CAP_NET_ELC	PRR_MAIN	MW	TR	: 	: 	: 	: 	: 	: 	: 	: 	: 	: 	: 	: 	: 	: 	: 	: 	: 	: 	: 	: 	: 	: 	: 	: 	: 	: 	: 	: 	: 	: 	: 	: 	0	0
A	RA420DC	CAP_NET_ELC	PRR_MAIN	MW	XK	: 	: 	: 	: 	: 	: 	: 	: 	: 	: 	: 	: 	: 	: 	: 	: 	: 	: 	: 	: 	: 	: 	: 	: 	: 	: 	: 	: 	: 	: 	: 	: 	: 	13.4
A	RA500	CAP_NET_ELC	PRR_MAIN	MW	AL	: 	: 	: 	: 	: 	: 	: 	: 	: 	: 	: 	: 	: 	: 	: 	: 	: 	: 	: 	: 	: 	0	0	0	0	0	0	0	0	0	0	0	0	0
A	RA500	CAP_NET_ELC	PRR_MAIN	MW	AT	0	0	0	0	0	0	0	0	0	0	0	0	0	0	0	0	0	0	0	0	0	0	0	0	0	0	0	0	0	0	0	0	0	0
A	RA500	CAP_NET_ELC	PRR_MAIN	MW	BA	: 	: 	: 	: 	: 	: 	: 	: 	: 	: 	: 	: 	: 	: 	: 	: 	: 	: 	: 	: 	: 	: 	: 	: 	0	0	0	0	0	0	0	0	0	0
A	RA500	CAP_NET_ELC	PRR_MAIN	MW	BE	0	0	0	0	0	0	0	0	0	0	0	0	0	0	0	0	0	0	0	0	0	0	0	0	0	0	0	0	0	0	0	0	0	0
A	RA500	CAP_NET_ELC	PRR_MAIN	MW	BG	0	0	0	0	0	0	0	0	0	0	0	0	0	0	0	0	0	0	0	0	0	0	0	0	0	0	0	0	0	0	0	0	0	0
A	RA500	CAP_NET_ELC	PRR_MAIN	MW	CY	0	0	0	0	0	0	0	0	0	0	0	0	0	0	0	0	0	0	0	0	0	0	0	0	0	0	0	0	0	0	0	0	0	0
A	RA500	CAP_NET_ELC	PRR_MAIN	MW	CZ	0	0	0	0	0	0	0	0	0	0	0	0	0	0	0	0	0	0	0	0	0	0	0	0	0	0	0	0	0	0	0	0	0	0
A	RA500	CAP_NET_ELC	PRR_MAIN	MW	DE	0	0	0	0	0	0	0	0	0	0	0	0	0	0	0	0	0	0	0	0	0	0	0	0	0	0	0	0	0	0	0	0	0	0
A	RA500	CAP_NET_ELC	PRR_MAIN	MW	DK	0	0	0	0	0	0	0	0	0	0	0	0	0	0	0	0	0	0	0	0	0	0	0	0	0	0	0	0	0	0	0	0	0	0
A	RA500	CAP_NET_ELC	PRR_MAIN	MW	EE	0	0	0	0	0	0	0	0	0	0	0	0	0	0	0	0	0	0	0	0	0	0	0	0	0	0	0	0	0	0	0	0	0	0
A	RA500	CAP_NET_ELC	PRR_MAIN	MW	EL	0	0	0	0	0	0	0	0	0	0	0	0	0	0	0	0	0	0	0	0	0	0	0	0	0	0	0	0	0	0	0	0	0	0
A	RA500	CAP_NET_ELC	PRR_MAIN	MW	ES	0	0	0	0	0	0	0	0	0	0	0	0	0	0	0	0	0	0	0	0	0	0.296	0.296	4.796	4.796	4.796	4.796	4.796	4.796	4.796	4.796	4.796	4.796	4.796
A	RA500	CAP_NET_ELC	PRR_MAIN	MW	FI	0	0	0	0	0	0	0	0	0	0	0	0	0	0	0	0	0	0	0	0	0	0	0	0	0	0	0	0	0	0	0	0	0	0
A	RA500	CAP_NET_ELC	PRR_MAIN	MW	FR	240	240	240	240	240	240	240	240	240	240	213	215	218	219	218	216	215	215	218	216	216	214.726	215.909	218.488	220.008	218.329	220.224	218.87	218.002	214.067	211.765	211.192	212.07	211.84
A	RA500	CAP_NET_ELC	PRR_MAIN	MW	GE	: 	: 	: 	: 	: 	: 	: 	: 	: 	: 	: 	: 	: 	: 	: 	: 	: 	: 	: 	: 	: 	: 	: 	: 	: 	: 	: 	: 	: 	: 	: 	: 	0	0
A	RA500	CAP_NET_ELC	PRR_MAIN	MW	HR	0	0	0	0	0	0	0	0	0	0	0	0	0	0	0	0	0	0	0	0	0	0	0	0	0	0	0	0	0	0	0	0	0	0
A	RA500	CAP_NET_ELC	PRR_MAIN	MW	HU	0	0	0	0	0	0	0	0	0	0	0	0	0	0	0	0	0	0	0	0	0	0	0	0	0	0	0	0	0	0	0	0	0	0
A	RA500	CAP_NET_ELC	PRR_MAIN	MW	IE	0	0	0	0	0	0	0	0	0	0	0	0	0	0	0	0	0	0	0	0	0	0	0	0	0	0	0	0	0	0	0	0	0	0
A	RA500	CAP_NET_ELC	PRR_MAIN	MW	IT	0	0	0	0	0	0	0	0	0	0	0	0	0	0	0	0	0	0	0	0	0	0	0	0	0	0	0	0	0	0	0	0	0	0
A	RA500	CAP_NET_ELC	PRR_MAIN	MW	LI	: 	: 	: 	: 	: 	: 	: 	: 	: 	: 	: 	: 	: 	: 	: 	: 	: 	: 	: 	: 	: 	: 	: 	: 	0	0	0	0	0	0	0	0	0	0
A	RA500	CAP_NET_ELC	PRR_MAIN	MW	LT	0	0	0	0	0	0	0	0	0	0	0	0	0	0	0	0	0	0	0	0	0	0	0	0	0	0	0	0	0	0	0	0	0	0
A	RA500	CAP_NET_ELC	PRR_MAIN	MW	LU	0	0	0	0	0	0	0	0	0	0	0	0	0	0	0	0	0	0	0	0	0	0	0	0	0	0	0	0	0	0	0	0	0	0
A	RA500	CAP_NET_ELC	PRR_MAIN	MW	LV	0	0	0	0	0	0	0	0	0	0	0	0	0	0	0	0	0	0	0	0	0	0	0	0	0	0	0	0	0	0	0	0	0	0
A	RA500	CAP_NET_ELC	PRR_MAIN	MW	MD	: 	: 	: 	: 	: 	: 	: 	: 	: 	: 	: 	: 	: 	: 	: 	: 	: 	: 	: 	: 	: 	: 	: 	: 	: 	: 	: 	: 	: 	: 	: 	: 	0	0
A	RA500	CAP_NET_ELC	PRR_MAIN	MW	ME	: 	: 	: 	: 	: 	: 	: 	: 	: 	: 	: 	: 	: 	: 	: 	0	0	0	0	0	0	0	0	0	0	0	0	0	0	0	0	0	0	0
A	RA500	CAP_NET_ELC	PRR_MAIN	MW	MK	: 	: 	: 	: 	: 	: 	: 	: 	: 	: 	: 	: 	: 	: 	: 	: 	: 	: 	: 	: 	: 	0	0	0	0	0	0	0	0	0	0	0	0	0
A	RA500	CAP_NET_ELC	PRR_MAIN	MW	MT	0	0	0	0	0	0	0	0	0	0	0	0	0	0	0	0	0	0	0	0	0	0	0	0	0	0	0	0	0	0	0	0	0	0
A	RA500	CAP_NET_ELC	PRR_MAIN	MW	NL	0	0	0	0	0	0	0	0	0	0	0	0	0	0	0	0	0	0	0	0	0	0	0	0	0	0	0	0	0	0	0	0	0	0
A	RA500	CAP_NET_ELC	PRR_MAIN	MW	NO	: 	0	0	0	0	0	0	0	0	0	0	0	0	0	0	0	0	0	0	0	0	0	0	0	0	0	0	0	0	0	0	0	0	0
A	RA500	CAP_NET_ELC	PRR_MAIN	MW	PL	0	0	0	0	0	0	0	0	0	0	0	0	0	0	0	0	0	0	0	0	0	0	0	0	0	0	0	0	0	0	0	0	0	0
A	RA500	CAP_NET_ELC	PRR_MAIN	MW	PT	0	0	0	0	0	0	0	0	0	0	0	0	0	0	0	0	0	0	0	0	0	0	0	0	1	0	0	0.4	0.4	0	0	0	0	0
A	RA500	CAP_NET_ELC	PRR_MAIN	MW	RO	0	0	0	0	0	0	0	0	0	0	0	0	0	0	0	0	0	0	0	0	0	0	0	0	0	0	0	0	0	0	0	0	0	0
A	RA500	CAP_NET_ELC	PRR_MAIN	MW	RS	: 	: 	: 	: 	: 	: 	: 	: 	: 	: 	: 	0	0	0	0	0	0	0	0	0	0	0	0	0	0	0	0	0	0	0	0	0	0	: 
A	RA500	CAP_NET_ELC	PRR_MAIN	MW	SE	0	0	0	0	0	0	0	0	0	0	0	0	0	0	0	0	0	0	0	0	0	0	0	0	0	0	0	0	0	0	0	0	0	0
A	RA500	CAP_NET_ELC	PRR_MAIN	MW	SI	0	0	0	0	0	0	0	0	0	0	0	0	0	0	0	0	0	0	0	0	0	0	0	0	0	0	0	0	0	0	0	0	0	0
A	RA500	CAP_NET_ELC	PRR_MAIN	MW	SK	0	0	0	0	0	0	0	0	0	0	0	0	0	0	0	0	0	0	0	0	0	0	0	0	0	0	0	0	0	0	0	0	0	0
A	RA500	CAP_NET_ELC	PRR_MAIN	MW	TR	: 	: 	: 	: 	: 	: 	: 	: 	: 	: 	: 	0	0	0	0	0	0	0	0	0	0	0	0	0	0	0	0	0	0	0	0	0	0	0
A	RA500	CAP_NET_ELC	PRR_MAIN	MW	XK	: 	: 	: 	: 	: 	: 	: 	: 	: 	: 	: 	: 	: 	: 	: 	: 	: 	: 	: 	: 	: 	: 	: 	: 	: 	: 	: 	: 	: 	: 	: 	: 	: 	0
A	X9900	CAP_NET_ELC	PRR_MAIN	MW	AL	: 	: 	: 	: 	: 	: 	: 	: 	: 	: 	: 	: 	: 	: 	: 	: 	: 	: 	: 	: 	: 	0	0	0	0	0	0	0	0	0	0	0	0	0
A	X9900	CAP_NET_ELC	PRR_MAIN	MW	AT	0	0	0	0	0	0	0	0	0	0	0	0	0	0	0	0	0	0	0	0	0	0	0	0	0	0	0	0	0	0	8	8	8	8
A	X9900	CAP_NET_ELC	PRR_MAIN	MW	BA	: 	: 	: 	: 	: 	: 	: 	: 	: 	: 	: 	: 	: 	: 	: 	: 	: 	: 	: 	: 	: 	: 	: 	: 	0	0	0	0	0	0	0	0	0	0
A	X9900	CAP_NET_ELC	PRR_MAIN	MW	BE	0	0	0	0	0	0	0	0	0	0	0	0	0	0	0	0	0	0	1	0	2.5	2.5	2.5	2.5	2.5	2.5	2.5	2.5	2.5	2.5	2.5	14	107.6	107.6
A	X9900	CAP_NET_ELC	PRR_MAIN	MW	BG	0	0	0	0	0	0	0	0	0	0	0	0	0	0	0	0	0	0	0	0	0	0	0	0	0	0	0	0	0	0	0	0	0	0
A	X9900	CAP_NET_ELC	PRR_MAIN	MW	CY	0	0	0	0	0	0	0	0	0	0	0	0	0	0	0	0	0	0	0	0	0	0	0	0	0	0	0	0	0	0	0	0	0	0
A	X9900	CAP_NET_ELC	PRR_MAIN	MW	CZ	0	0	0	0	0	0	0	0	0	0	0	0	0	0	0	0	0	0	0	0	0	0	0	0	0	0	0	0	0	0	0	0	0	0
A	X9900	CAP_NET_ELC	PRR_MAIN	MW	DE	0	0	0	0	0	0	0	0	0	0	0	0	0	141	140	132	148	128	138	146	146	150	148	139	145	143	110	141	141	831	420	511	1203.77	1203.77
A	X9900	CAP_NET_ELC	PRR_MAIN	MW	DK	0	0	0	0	0	0	0	0	0	0	0	0	0	0	0	0	0	0	0	0	0	0	0	0	0	0	0	0	0	0	0	0	0	0
A	X9900	CAP_NET_ELC	PRR_MAIN	MW	EE	0	0	0	0	0	0	0	0	0	0	0	0	0	0	0	0	0	0	0	0	0	0	0	0	0	0	0	0	0	0	0	0	0	0
A	X9900	CAP_NET_ELC	PRR_MAIN	MW	EL	0	0	0	0	0	0	0	0	0	0	0	0	0	0	0	0	0	0	0	0	0	0	0	0	0	0	0	0	0	0	0	0	0	0
A	X9900	CAP_NET_ELC	PRR_MAIN	MW	ES	0	0	0	0	9.45	20.65	20.65	34.45	34.45	34.45	34.45	34.45	34.45	34.45	34.45	34.45	34.45	34.45	34.45	49.795	49.795	49.795	49.795	49.795	49.795	54.095	54.095	54.095	54.095	54.095	54.095	54.095	54.095	54.095
A	X9900	CAP_NET_ELC	PRR_MAIN	MW	FI	0	0	0	0	0	0	0	0	0	0	0	0	0	0	0	0	0	0	0	0	0	0	0	0	0	0	0	0	0	0	0	0	40	40
A	X9900	CAP_NET_ELC	PRR_MAIN	MW	FR	0	0	0	0	0	0	0	0	0	0	0	0	0	0	0	0	0	0	0	0	0	0	0	0	0	0	0	0	0	0	92.011	388.789	1949.773	874.702
A	X9900	CAP_NET_ELC	PRR_MAIN	MW	GE	: 	: 	: 	: 	: 	: 	: 	: 	: 	: 	: 	: 	: 	: 	: 	: 	: 	: 	: 	: 	: 	: 	: 	: 	: 	: 	: 	: 	: 	: 	: 	: 	0	0
A	X9900	CAP_NET_ELC	PRR_MAIN	MW	HR	0	0	0	0	0	0	0	0	0	0	0	0	0	0	0	0	0	0	0	0	0	0	0	0	0	0	0	0	0	0	0	0	0	0
A	X9900	CAP_NET_ELC	PRR_MAIN	MW	HU	0	0	0	0	0	0	0	0	0	0	0	0	0	0	0	0	0	0	0	0	0	0	0	0	0	0	0	0	0	0	0	0	0	0
A	X9900	CAP_NET_ELC	PRR_MAIN	MW	IE	0	0	0	0	0	0	0	0	0	0	0	0	0	0	0	0	0	0	0	0	0	0	0	0	0	0	0	0	0	0	19.5	265.9	413.9	548.9
A	X9900	CAP_NET_ELC	PRR_MAIN	MW	IT	0	0	4	8	13	11	17	14	14	14	158	92	92	185	0	116	187	188	189	193	192	184	185	203	230	226	275	287.374	272.163	228.821	207.857	142.428	142.131	3546.191
A	X9900	CAP_NET_ELC	PRR_MAIN	MW	LI	: 	: 	: 	: 	: 	: 	: 	: 	: 	: 	: 	: 	: 	: 	: 	: 	: 	: 	: 	: 	: 	: 	: 	: 	0	0	0	0	0	0	0	0	0	0
A	X9900	CAP_NET_ELC	PRR_MAIN	MW	LT	0	0	0	0	0	0	0	0	0	0	0	0	0	0	0	0	0	0	0	0	0	0	0	0	0	0	0	0	0	0	0	0	0	0
A	X9900	CAP_NET_ELC	PRR_MAIN	MW	LU	0	0	0	0	0	0	0	0	0	0	0	0	0	0	0	0	0	0	0	0	0	0	0	0	0	0	0	0	0	0	0	0	0	0
A	X9900	CAP_NET_ELC	PRR_MAIN	MW	LV	0	0	0	0	0	0	0	0	0	0	0	0	0	0	0	0	0	0	0	0	0	0	2	0	0	0	0	0	0	0	0	0	0	0
A	X9900	CAP_NET_ELC	PRR_MAIN	MW	MD	: 	: 	: 	: 	: 	: 	: 	: 	: 	: 	: 	: 	: 	: 	: 	: 	: 	: 	: 	: 	: 	: 	: 	: 	: 	: 	: 	: 	: 	: 	: 	: 	0	0
A	X9900	CAP_NET_ELC	PRR_MAIN	MW	ME	: 	: 	: 	: 	: 	: 	: 	: 	: 	: 	: 	: 	: 	: 	: 	0	0	0	0	0	0	0	0	0	0	0	0	0	0	0	0	0	0	0
A	X9900	CAP_NET_ELC	PRR_MAIN	MW	MK	: 	: 	: 	: 	: 	: 	: 	: 	: 	: 	: 	: 	: 	: 	: 	: 	: 	: 	: 	: 	: 	0	0	0	0	0	0	0	0	0	0	0	0	0
A	X9900	CAP_NET_ELC	PRR_MAIN	MW	MT	0	0	0	0	0	0	0	0	0	0	0	0	0	0	0	0	0	0	0	0	0	0	0	0	0	0	0	0	0	0	0	0	0	0
A	X9900	CAP_NET_ELC	PRR_MAIN	MW	NL	15	15	15	15	15	15	16	16	16	16	16	16	29	13	20	20	20	20	20	20	20	20	20	10	8	384	384	384	384	384	384	384	516	613
A	X9900	CAP_NET_ELC	PRR_MAIN	MW	NO	: 	0	0	0	0	0	0	0	0	0	0	0	13	13	13	13	13	13	13	13	35	35	35	35	35	35	35	35	35	35	35	89	81	89
A	X9900	CAP_NET_ELC	PRR_MAIN	MW	PL	0	0	0	0	0	0	0	0	0	0	0	0	0	0	0	0	0	0	0	0	0	0	0	0	0	0	0	0	0	0	0	0	15.701	44.461
A	X9900	CAP_NET_ELC	PRR_MAIN	MW	PT	0	0	0	0	0	0	0	0	0	0	0	0	0	0	0	0	0	0	0	0	0	0	0	0	0	0	0	0	0	0	0	0	0	0
A	X9900	CAP_NET_ELC	PRR_MAIN	MW	RO	0	0	0	0	0	0	0	0	0	0	0	0	0	0	0	0	0	0	0	0	0	0	0	0	0	0	0	0	0	0	0	0	0	0
A	X9900	CAP_NET_ELC	PRR_MAIN	MW	RS	: 	: 	: 	: 	: 	: 	: 	: 	: 	: 	: 	0	0	0	0	0	0	0	0	0	0	0	0	0	0	0	0	0	0	0	0	0	0	: 
A	X9900	CAP_NET_ELC	PRR_MAIN	MW	SE	0	0	0	0	0	0	0	0	0	0	0	0	0	0	0	0	0	0	0	0	0	0	0	0	0	0	0	0	0	0	0	0	0	0
A	X9900	CAP_NET_ELC	PRR_MAIN	MW	SI	0	0	0	0	0	0	0	0	0	0	0	0	0	0	0	0	0	0	0	0	0	0	0	0	0	0	0	0	0	0	0	0	0	: 
A	X9900	CAP_NET_ELC	PRR_MAIN	MW	SK	0	0	0	0	0	0	0	0	0	0	0	0	0	0	0	0	0	0	0	0	0	0	0	0	0	0	0	0	0	0	0	0	0	0
A	X9900	CAP_NET_ELC	PRR_MAIN	MW	TR	: 	: 	: 	: 	: 	: 	: 	: 	: 	: 	: 	0	0	0	0	0	0	0	0	0	0	0	0	0	0	0	0	0	0	0	0	0	0	0
A	X9900	CAP_NET_ELC	PRR_MAIN	MW	XK	: 	: 	: 	: 	: 	: 	: 	: 	: 	: 	: 	: 	: 	: 	: 	: 	: 	: 	: 	: 	: 	: 	: 	: 	: 	: 	: 	: 	: 	: 	: 	: 	: 	0
						" 235,580.00 "																																	