CODE	Label - English	Label - French	Label - German	Standard code	Note (EN only)	EC_corporate_code	EC_corporate_uri
TOTAL	Total	Total	Insgesamt	Y			
OP	All operators	Tous les opérateurs	Alle Unternehmen	Y			
PRD	Producers	Producteurs	Erzeuger	O			
PRR	Producers	Producteurs	Erzeuger	Y			
PRR_MAIN	Main activity producers	Producteurs dont c'est l'activité principale	Hauptsächlich als Energieerzeuger tätiges Unternehmen	Y			
PRR_AUTO	Autoproducers	Autoproducteurs	Eigenerzeuger	Y			
PRD_AGRI	Agricultural producers	Producteurs agricoles	Landwirtschaftliche Erzeuger	O			
PRR_AGRI	Agricultural producers	Producteurs agricoles	Landwirtschaftliche Erzeuger	Y			
PRD_AGRI_PRC	Agricultural producers which are also processors	Producteurs agricoles qui sont également transformateurs	Landwirtschaftliche Erzeuger die auch Verarbeiter sind	O			
PRR_AGRI_PRC	Agricultural producers which are also processors	Producteurs agricoles qui sont également transformateurs	Landwirtschaftliche Erzeuger die auch Verarbeiter sind	Y			
PRD_AGRI_IMP	Agricultural producers which are also importers	Producteurs agricoles qui sont également importateurs	Landwirtschaftliche Erzeuger die auch Importeure sind	O			
PRR_AGRI_IMP	Agricultural producers which are also importers	Producteurs agricoles qui sont également importateurs	Landwirtschaftliche Erzeuger die auch Importeure sind	Y			
PRD_AGRI_HM	Agricultural producers of eggs according to harmonised methodology	Producteurs agricoles d'oeufs selon la méthodologie harmonisée	Landwirtschaftliche Produzenten von Eiern entsprechend harmonisierter Methode	O			
PRR_AGRI_HM	Agricultural producers of eggs according to harmonised methodology	Producteurs agricoles d'oeufs selon la méthodologie harmonisée	Landwirtschaftliche Produzenten von Eiern entsprechend harmonisierter Methode	Y			
PRD_AGRI_HEN350-5000_HM	Agricultural producers of eggs with 350 to 5 000 laying hens according to harmonised methodology	Producteurs agricoles d'oeufs avec 350 à 5 000 poules pondeuses selon la méthodologie harmonisée	Landwirtschaftliche Produzenten von Eiern mit 350 bis 5 000 Legehennen entsprechend harmonisierter Methode	O			
PRR_AGRI_HEN350-5000_HM	Agricultural producers of eggs with 350 to 5 000 laying hens according to harmonised methodology	Producteurs agricoles d'oeufs avec 350 à 5 000 poules pondeuses selon la méthodologie harmonisée	Landwirtschaftliche Produzenten von Eiern mit 350 bis 5 000 Legehennen entsprechend harmonisierter Methode	Y			
PRD_AGRI_HEN_GT5000_HM	Agricultural producers of eggs with more than 5 000 laying hens according to harmonised methodology	Producteurs agricoles d'oeufs avec plus de 5 000 poules pondeuses selon la méthodologie harmonisée	Landwirtschaftliche Produzenten von Eiern mit mehr als 5 000 Legehennen entsprechend harmonisierter Methode	O			
PRR_AGRI_HEN_GT5000_HM	Agricultural producers of eggs with more than 5 000 laying hens according to harmonised methodology	Producteurs agricoles d'oeufs avec plus de 5 000 poules pondeuses selon la méthodologie harmonisée	Landwirtschaftliche Produzenten von Eiern mit mehr als 5 000 Legehennen entsprechend harmonisierter Methode	Y			
PRD_AGRI_NHM	Agricultural producers of eggs outside harmonised methodology	Producteurs agricoles d'oeufs hors méthodologie harmonisée	Landwirtschaftliche Produzenten von Eiern außerhalb der harmonisierten Methode	O			
PRR_AGRI_NHM	Agricultural producers of eggs outside harmonised methodology	Producteurs agricoles d'oeufs hors méthodologie harmonisée	Landwirtschaftliche Produzenten von Eiern außerhalb der harmonisierten Methode	Y			
PRD_AGRI_OTH	Agricultural producers - others (n.e.c.)	Producteurs agricoles - autres (n.c.a.)	Landwirtschaftliche Erzeuger - sonstige (a.n.k.)	O			
PRR_AGRI_OTH	Agricultural producers - others (n.e.c.)	Producteurs agricoles - autres (n.c.a.)	Landwirtschaftliche Erzeuger - sonstige (a.n.k.)	Y			
PRD_AQUA	Aquaculture producers	Producteurs aquacoles	Erzeuger von Aquakulturen	O			
PRR_AQUA	Aquaculture producers	Producteurs aquacoles	Erzeuger von Aquakulturen	Y			
PRD_AQUA_PL	Aquaculture producers of aquatic plants	Producteurs aquacoles de plantes aquatiques	Erzeuger von Wasserpflanzen in Aquakulturen	O			
PRR_AQUA_PL	Aquaculture producers of aquatic plants	Producteurs aquacoles de plantes aquatiques	Erzeuger von Wasserpflanzen in Aquakulturen	Y			
PRD_ONL	Producers only	Producteurs uniquement	Ausschliesslich Erzeuger	O			
PRR_ONL	Producers only	Producteurs uniquement	Ausschliesslich Erzeuger	Y			
PRD_PRC	Producers which are also processors	Producteurs ainsi que transformateurs	Erzeuger die auch Verarbeiter sind	O			
PRR_PRC	Producers which are also processors	Producteurs ainsi que transformateurs	Erzeuger die auch Verarbeiter sind	Y			
PRD_IMP	Producers which are also importers	Producteurs ainsi que importateurs	Erzeuger die auch Importeure sind	O			
PRR_IMP	Producers which are also importers	Producteurs ainsi que importateurs	Erzeuger die auch Importeure sind	Y			
PRD_PRC_IMP	Producers which are also processors and importers	Producteurs ainsi que transformateurs et importateurs	Erzeuger die Verarbeiter und Importeure sind	O			
PRR_PRC_IMP	Producers which are also processors and importers	Producteurs ainsi que transformateurs et importateurs	Erzeuger die Verarbeiter und Importeure sind	Y			
PRC	Processors	Transformateurs	Verarbeiter	Y			
PRC_IMP	Processors which are also importers	Transformateurs qui sont également importateurs	Verarbeiter die auch Importeure sind	Y			
PRC_OTH	Processors - other (n.e.c.)	Transformateurs - autres (n.c.a.)	Verarbeiter - sonstige (a.n.k.)	Y			
PRC_ONL	Processors only	Transformateurs uniquement	Ausschliesslich Verarbeiter	Y			
IMP	Importers	Importateurs	Importeure	Y			
IMP_ONL	Importers only	Importateurs uniquement	Ausschliesslich Importeure	Y			
IMP_NAL	Importers not allocated	Importateurs non alloué	Importeure nicht zugeordnet	Y			
EXP	Exporters	Exportateurs	Exporteure	Y			
EXP_ONL	Exporters only	Seulement exportateurs	Ausschließlich Exporteure	Y			
EXP_NAL	Exporters not allocated	Exportateurs non alloué	Exporteure nicht zugeordnet	Y			
OWT	One-way trader	Uniquement exportateurs ou importateurs	Ausschliessliche Exporteure oder Importeure	Y			
TWT	Two-way traders	A la fois exportateurs et importateurs	Im- und Exporteure	Y			
PCK_EGG_PRD_AGRI	Packers receiving eggs from agricultural producers	Emballeurs recevant des oeufs des producteurs agricoles	Verpacker, die Eier von landwirtschaftlichen Produzenten erhalten	O			
PCK_EGG_PRR_AGRI	Packers receiving eggs from agricultural producers	Emballeurs recevant des oeufs des producteurs agricoles	Verpacker, die Eier von landwirtschaftlichen Produzenten erhalten	Y			
OTH_EGG_PRD_AGRI	Other operators receiving eggs from agricultural producers	Autres opérateurs recevant des oeufs des producteurs agricoles	Andere Betreiber, die Eier von landwirtschaftlichen Produzenten erhalten	O			
OTH_EGG_PRR_AGRI	Other operators receiving eggs from agricultural producers	Autres opérateurs recevant des oeufs des producteurs agricoles	Andere Betreiber, die Eier von landwirtschaftlichen Produzenten erhalten	Y			
OTH	Other operators	Autres opérateurs	Andere Unternehmen	Y			
OTH_TRD	Other operators - traders	Autres opérateurs - commerçants	Andere Unternehmer -  Händler	Y			
OTH_TRD_WHLS	Other operators - traders - wholesalers	Autres opérateurs - commerçants - grossistes	Andere Unternehmer -  Händler - Grosshändler	Y			
OTH_TRD_RTL	Other operators - traders - retailers	Autres opérateurs - commerçants - détaillants	Andere Unternehmer -  Händler - Einzelhändler	Y			
OTH_NEC	Other operators n.e.c.	Autres opérateurs n.s.a.	Andere Unternehmen a.n.k.	Y			
NAL	Not allocated	Non alloué	Nicht zugeordnet	Y			
