CODE	Label - English	Label - French	Label - German	Standard code	Note (EN only)	EC_corporate_code	EC_corporate_uri
CAP_HEAT	Installed thermal capacity	Capacité thermique installée	Installierte Wärmekapazität	Y			
CAP_HEAT_ABVTH	Installed thermal capacity above the minimum seasonal performance factor threshold	Capacité thermique installée au-dessus du seuil minimum du facteur de performance saisonnier	Installierte Wärmekapazität über dem Mindestschwellenwert für den saisonalen Leistungsfaktor	Y			
ACT_FACT	Activity factor	Coefficient d’activité	Aktivitätsfaktor	Y			
SPERF_FACT	Seasonal performance factor	Facteur de performance saisonnier	Saisonaler Leistungsfaktor	Y			
SPFPE_AVG	Average seasonal performance factor based on primary energy	Facteur de performance saisonnier moyen basé sur l’énergie primaire	Saisonaler durchschnittlicher Leistungsfaktor auf der Grundlage der Primärenergie	Y			
SPFPE_AVG_ABVTH	Average seasonal performance factor based on primary energy - systems above the threshold	Facteur de performance saisonnier moyen basé sur l’énergie primaire - systèmes au-dessus du seuil	Saisonaler durchschnittlicher Leistungsfaktor auf der Grundlage der Primärenergie - Systeme über der Schwelle	Y			
CLSUP_REN_SHR	Share of cooling supply - renewable	Part de l’approvisionnement en froid - renouvelable	Anteil der Kälteversorgung - erneuerbar	Y			
CLDD_RED	Cooling degree days - Renewable Energy Directive	Degrés-jours de refroidissement - Directive sur les énergies renouvelables	Kühlgradtage - Erneuerbare-Energien-Richtlinie	Y			
CAP_CL_AVG_ABVTH	Average nominal cooling capacity - systems above the threshold	Puissance frigorifique nominale moyenne - systèmes au-dessus du seuil	Durchschnittliche Nennkälteleistung - Systeme oberhalb des Schwellenwerts	Y			
CAP_CL_AVG_ABVTH_REN	Average nominal cooling capacity - systems above the threshold - renewable heat driven (absorption and adsorption)	Puissance frigorifique nominale moyenne - systèmes au-dessus du seuil - chaleur renouvelable (absorption et adsorption)	Durchschnittliche Nennkälteleistung - Systeme oberhalb des Schwellenwerts - Wärme aus erneuerbaren Quellen (Absorption und Adsorption)	Y			
TIME_USE	Time usage	Temps d'utilisation	Nutzungsdauer	Y			
AMBT_HEAT	Ambient heat	Chaleur ambiante	Umgebungswärme	Y			
TH_NRG_INP_HEAT	Thermal energy input to heat pumps	Entrée d'énergie thermique aux pompes à chaleur	Wärmeenergieeintrag in Wärmepumpen	Y			
ELC_INP_HEAT	Electricity input to heat pump	Entrée d'électricité à la pompe à chaleur	Stromeingang zur Wärmepumpe	Y			
CAP_NET_ELC	Net maximum electrical capacity	Puissance électrique maximale nette	Maximale elektrische Nettokapazität	Y			
CAP_NET_ELC_C	Net maximum electrical capacity - commissioned	Puissance électrique maximale nette - mantelée	Maximale elektrische Nettokapazität - beauftragt	Y			
CAP_NET_ELC_DCM	Net maximum electrical capacity - decommissioned	Puissance électrique maximale nette - démantelée	Maximale elektrische Nettokapazität - stillgelegte	Y			
CAP_NET_ELC_AC	Net maximum electrical capacity - alternating current	Puissance électrique maximale nette - courant alternatif	Maximale elektrische Nettokapazität - Wechselstrom	Y			
CAP_NET_ELC_DC	Net maximum electrical capacity - direct current	Puissance électrique maximale nette - courant continu	Maximale elektrische Nettokapazität - Gleichstrom	Y			
SOL_COL_SURF	Solar collectors surface	Surface des capteurs solaires	Solarkollektorenfläche	Y			
CAP_PRD	Production capacity	Capacité de production	Produktionskapazität	Y			
CAP_PRD_STM_RFOR	Production capacity - steam reforming	Capacité de production - reformage à la vapeur	Produktionskapazität - Dampfreformierung	Y			
CAP_ST	Storage capacity	Capacité de stockage	Speicherkapazität	Y			
CAP_GST	Gas storage capacity	Capacité de stockage du gaz	Gasspeicherkapazität	Y			
CAP_GST_DP_FD	Gas storage capacity - depleted oil and gas fields	Capacité de stockage du gaz - champs de pétrole et de gaz épuisés	Gasspeicherkapazität - erschöpfte Öl- und Gasfelder	Y			
CAP_GST_AQUI	Gas storage capacity - aquifers	Capacité de stockage du gaz - aquifères	Gasspeicherkapazität - Aquiferen	Y			
CAP_GST_SC	Gas storage capacity - salt cavities	Capacité de stockage du gaz - cavités salines	Gasspeicherkapazität - Salzlagerstätten	Y			
CAP_GST_ABVG	Gas storage capacity - above ground	Capacité de stockage du gaz - au-dessus du sol	Gasspeicherkapazität - über der Erde	Y			
CAP_GST_BLWG	Gas storage capacity - below ground	Capacité de stockage du gaz - au dessous du sol	Gasspeicherkapazität - unter der Erde	Y			
CAP_GST_OTH	Gas storage capacity - other	Capacité de stockage du gaz - autre	Gasspeicherkapazität - sonstige	Y			
CAP_TRA	Transport capacity	Capacité de transport	Transportkapazität	Y			
PO_GST	Gas storage - peak output	Stockage du gaz - débit maximal	Gasspeicher - Spitzenleistung	Y			
PO_GST_DP_FD	Gas storage - peak output - depleted oil and gas fields	Stockage du gaz - débit maximal - champs de pétrole et de gaz épuisés	Gasspeicher - Spitzenleistung - erschöpfte Öl- und Gasfelder	Y			
PO_GST_AQUI	Gas storage - peak output - aquifers	Stockage du gaz - débit maximal - aquifères	Gasspeicher - Spitzenleistung - Aquiferen	Y			
PO_GST_SC	Gas storage - peak output - salt cavities	Stockage du gaz - débit maximal - cavités salines	Gasspeicher - Spitzenleistung - Salzlagerstätten	Y			
PO_GST_ABVG	Gas storage - peak output - above ground	Stockage du gaz - débit maximal - au-dessus du sol	Gasspeicher - Spitzenleistung - über der Erde	Y			
PO_GST_BLWG	Gas storage - peak output - below ground	Stockage du gaz - débit maximal - au dessous du sol	Gasspeicher - Spitzenleistung - über der Erde	Y			
PO_GST_OTH	Gas storage - peak output - other	Stockage du gaz - débit maximal - autre	Gasspeicher - Spitzenleistung - sonstige	Y			
PL	Peak load	Charge maximale	Spitzenbelastung	Y			
PCAP	Peak capacity	Capacité maximale	Spitzenkapazität	Y			
LNGIT_RG	LNG import terminals - regasification capacity	Terminaux d'importation de GNL - capacité de regazéification	LNG-Importterminals - Wiederverdampfungskapazität	Y			
LNGIT_RG_ABVG	LNG import terminals - regasification capacity - above ground	Terminaux d'importation de GNL - capacité de regazéification - au-dessus du sol	LNG-Importterminals - Wiederverdampfungskapazität - über der Erde	Y			
LNGIT_RG_BLWG	LNG import terminals - regasification capacity - below ground	Terminaux d'importation de GNL - capacité de regazéification - au dessous du sol	LNG-Importterminals - Wiederverdampfungskapazität - unter der Erde	Y			
LNGIT_VP	LNG import terminals - vaporizers	Terminaux d'importation de GNL - vaporisateurs	LNG-Importterminals - Verdampfer	Y			
LNGIT_VP_ABVG	LNG import terminals - vaporizers - above ground	Terminaux d'importation de GNL - vaporisateurs - au-dessus du sol	LNG-Importterminals - Verdampfer - über der Erde	Y			
LNGIT_VP_BLWG	LNG import terminals - vaporizers - below ground	Terminaux d'importation de GNL - vaporisateurs - au dessous du sol	LNG-Importterminals - Verdampfer - unter der Erde	Y			
LNGIT_TRN	LNG import terminals - trains	Terminaux d'importation de GNL - trains	LNG-Importterminals - Bahn	Y			
LNGIT_ST	LNG import terminals - storage capacity	Terminaux d'importation de GNL - capacité de stockage	LNG-Importterminals - Speicherkapazität	Y			
LNGIT_ST_ABVG	LNG import terminals - storage capacity - above ground	Terminaux d'importation de GNL - capacité de stockage - au-dessus du sol	LNG-Importterminals - Speicherkapazität - über der Erde	Y			
LNGIT_ST_BLWG	LNG import terminals - storage capacity - below ground	Terminaux d'importation de GNL - capacité de stockage - au dessous du sol	LNG-Importterminals - Speicherkapazität - unter der Erde	Y			
LNGIT_TNK	LNG import terminals - tanks	Terminaux d'importation de GNL - citernes	LNG-Importterminals - Tanks	Y			
LNGIT_TNK_ABVG	LNG import terminals - tanks - above ground	Terminaux d'importation de GNL - citernes - au-dessus du sol	LNG-Importterminals - Tanks - über der Erde	Y			
LNGIT_TNK_BLWG	LNG import terminals - tanks - below ground	Terminaux d'importation de GNL - citernes - au dessous du sol	LNG-Importterminals - Tanks - unter der Erde	Y			
LNGIT_PO	LNG import terminals - peak output	Terminaux d'importation de GNL - débit maximal	LNG-Importterminals - Spitzenleistung	Y			
LNGIT_PO_ABVG	LNG import terminals - peak output - above ground	Terminaux d'importation de GNL - débit maximal - au-dessus du sol	LNG-Importterminals - Spitzenleistung - über der Erde	Y			
LNGIT_PO_BLWG	LNG import terminals - peak output - below ground	Terminaux d'importation de GNL - débit maximal - au dessous du sol	LNG-Importterminals - Spitzenleistung - unter der Erde	Y			
LNGET_LIQ	LNG export terminals - liquefaction capacity	Terminaux d'exportation de GNL - capacité de liquéfaction	LNG-Exportterminals - Verflüssigungskapazität	Y			
LNGET_LIQ_ABVG	LNG export terminals - liquefaction capacity - above ground	Terminaux d'exportation de GNL - capacité de liquéfaction - au-dessus du sol	LNG-Exportterminals - Verflüssigungskapazität - über der Erde	Y			
LNGET_LIQ_BLWG	LNG export terminals - liquefaction capacity - below ground	Terminaux d'exportation de GNL - capacité de liquéfaction - au dessous du sol	LNG-Exportterminals - Verflüssigungskapazität - unter der Erde	Y			
LNGET_TRN	LNG export terminals - trains	Terminaux d'exportation de GNL - trains	LNG-Exportterminals - Bahn	Y			
LNGET_TRN_ABVG	LNG export terminals - trains - above ground	Terminaux d'exportation de GNL - trains - au-dessus du sol	LNG-Exportterminals - Bahn - über der Erde	Y			
LNGET_TRN_BLWG	LNG export terminals - trains - below ground	Terminaux d'exportation de GNL - trains - au dessous du sol	LNG-Exportterminals - Bahn - unter der Erde	Y			
LNGET_ST	LNG export terminals - storage capacity	Terminaux d'exportation de GNL - capacité de stockage	LNG-Exportterminals - Speicherkapazität	Y			
LNGET_ST_ABVG	LNG export terminals - storage capacity - above ground	Terminaux d'exportation de GNL - capacité de stockage - au-dessus du sol	LNG-Exportterminals - Speicherkapazität - über der Erde	Y			
LNGET_ST_BLWG	LNG export terminals - storage capacity - below ground	Terminaux d'exportation de GNL - capacité de stockage - au dessous du sol	LNG-Exportterminals - Speicherkapazität - unter der Erde	Y			
LNGET_TNK	LNG export terminals - tanks	Terminaux d'exportation de GNL - citernes	LNG-Exportterminals - Tanks	Y			
LNGET_TNK_ABVG	LNG export terminals - tanks - above ground	Terminaux d'exportation de GNL - citernes - au-dessus du sol	LNG-Exportterminals - Tanks - über der Erde	Y			
LNGET_TNK_BLWG	LNG export terminals - tanks - below ground	Terminaux d'exportation de GNL - citernes - au dessous du sol	LNG-Exportterminals - Tanks - unter der Erde	Y			
LNGET_PO	LNG export terminals - peak output	Terminaux d'exportation de GNL - débit maximal	LNG-Exportterminals - Spitzenleistung	Y			
LNGET_PO_ABVG	LNG export terminals - peak output - above ground	Terminaux d'exportation de GNL - débit maximal - au-dessus du sol	LNG-Exportterminals - Spitzenleistung - über der Erde	Y			
LNGET_PO_BLWG	LNG export terminals - peak output - below ground	Terminaux d'exportation de GNL - débit maximal - au dessous du sol	LNG-Exportterminals - Spitzenleistung - unter der Erde	Y			
CAP_GNW	Gas network - maximum capacity	Réseau de gaz - capacité maximale	Gasnetz - maximale Kapazität	Y			
CAP_GNW_I	Gas network - maximum imports capacity (incoming)	Réseau de gaz - capacité maximale d’importation (entrants)	Gasnetz - maximale Einfuhrkapazität (eingehende)	Y			
CAP_GNW_E	Gas network - maximum exports capacity (outgoing)	Réseau de gaz - capacité maximale d’exportation (sorties)	Gasnetz - maximale Exportkapazität (ausgehend)	Y			
CAP_GNW_R	Gas network - reverse flow maximum capacity	Réseau de gaz - capacité maximale de flux inversés	Gasnetz - maximale Kapazität des Rückflusses	Y			
RCAP_AD	Refinery capacity - atmospheric distillation	Capacité de raffinage - distillation atmosphérique	Raffineriekapazität - atmosphärische Destillation	Y			
RCAP_AD_NOP_NAR	Refinery capacity - atmospheric distillation - not in operation and not in active repair	Capacité de raffinage - distillation atmosphérique - pas en activité et pas en réparation	Raffineriekapazität - atmosphärische Destillation - nicht in Betrieb und nicht in aktiver Reparatur	Y			
RCAP_VD	Refinery capacity - vacuum distillation	Capacité de raffinage - distillation sous vide	Raffineriekapazität - Vakuumdestillation	Y			
RCAP_TC	Refinery capacity - thermal cracking	Capacité de raffinage - craquage thermique	Raffineriekapazität - thermisches Cracken	Y			
RCAP_TC_VB	Refinery capacity - thermal cracking - visbreaking	Capacité de raffinage - craquage thermique - viscoréduction	Raffineriekapazität - thermisches Cracken - Visbreaking	Y			
RCAP_TC_CO	Refinery capacity - thermal cracking - coking	Capacité de raffinage - craquage thermique - cokéfaction	Raffineriekapazität - thermisches Cracken - Verkokung	Y			
RCAP_CC	Refinery capacity - catalytic cracking	Capacité de raffinage - craquage catalytique	Raffineriekapazität - katalytische Cracken	Y			
RCAP_CC_FCC	Refinery capacity - catalytic cracking - fluid catalytic cracking	Capacité de raffinage - craquage catalytique - craquage catalytique fluide	Raffineriekapazität - katalytische Cracken - fluid catalytic cracking	Y			
RCAP_CC_HC	Refinery capacity - catalytic cracking - hydro-cracking	Capacité de raffinage - craquage catalytique - hydrocraquage	Raffineriekapazität - katalytische Cracken - Hydrocracken	Y			
RCAP_DS	Refinery capacity - desulphurisation	Capacité de raffinage - désulfuration	Raffineriekapazität - Entschwefelung	Y			
RCAP_DS_NG_LD	Refinery capacity - desulphurisation - naphtha, gasoline and other light distillates	Capacité de raffinage - désulfuration - naphta, essence et autres distillats légers	Raffineriekapazität - Entschwefelung - Naphtha, Benzin und andere leichte Destillate	Y			
RCAP_DS_MIDD	Refinery capacity - desulphurisation - middle distillates	Capacité de raffinage - désulfuration - distillats moyens	Raffineriekapazität - Entschwefelung - Mitteldestillate	Y			
RCAP_DS_HD	Refinery capacity - desulphurisation - heavy distillates	Capacité de raffinage - désulfuration - distillats lourds	Raffineriekapazität - Entschwefelung - Schwere Destillate	Y			
RCAP_RFOR	Refinery capacity - reforming	Capacité de raffinage - reformage	Raffineriekapazität - Reforming	Y			
RCAP_API	Refinery capacity - alkylation, polymerisation, isomeration	Capacité de raffinage - alkylation, polymérisation, isomérisation	Raffineriekapazität - Alkylierung, Polymerisation, Isomerisierung	Y			
RCAP_ETH	Refinery capacity - etherification	Capacité de raffinage - éthérification	Raffineriekapazität - Veretherung	Y			
RCAP_UPU_OTH	Refinery capacity - other upgrading units	Capacité de raffinage - autres unités de valorisation	Raffineriekapazität - andere Einheiten zur Güteverbesserung	Y			
RCAP_H	Refinery capacity - hydrogen	Capacité de raffinage - hydrogène	Raffineriekapazität - Wasserstoff	Y			
CAP_EN	Enrichment capacity (tSWU)	Capacité d'enrichissement (tSWU)	Anreicherungskapazität (tSWU)	Y			
PRDCAP_FF	Production capacity of fresh fuel elements (tHM)	Capacité de production d'éléments combustibles neufs (tHM)	Produktionskapazität von frischen Brennelementen (tHM)	Y			
PRDCAP_MOXF	Production capacity of MOX fuel fabrication plants (tHM)	Capacité de production des usines de fabrication de combustibles MOX (tHM)	Produktionskapazität von MOX-Brennstofffabrikationsanlagen (tHM)	Y			
PRD_FF	Production of fresh fuel elements (tHM)	Production d'éléments combustibles neufs (tHM)	Produktion von frischen Brennelementen (tHM)	Y			
PRD_MOXF	Production of MOX fuel elements (tHM)	Production d'éléments combustibles MOX (tHM)	Produktion von MOX-Brennelementen (tHM)	Y			
PRD_NUCH	Production of nuclear heat (ktoe)	Production de chaleur nucléaire (ktoe)	Produktion von nuklearer Wärme (ktoe)	Y			
BAA_IRRADF	Annual average burnup of definitively discharged irradiated fuel elements (GWd/tHM)	Moyenne annuelle de la combustion d'éléments combustibles irradiés définitivement déchargés (GWd/tHM)	Jahresdurchschnittsabbrand von endgültig entladenen bestrahlten Brennelementen (GWd / tHM)	Y			
PRD_UP	Production of uranium and plutonium in reprocessing plants (tHM)	Production d'uranium et de plutonium dans les usines de retraitement (tHM)	Produktion von Uran und Plutonium in Wiederaufbereitungsanlagen (tHM)	Y			
CAP_UP	Capacity (uranium and plutonium) of reprocessing plants (tHM)	Capacité (uranium et plutonium) des usines de retraitement (tHM)	Kapazität (Uran und Plutonium) von Wiederaufbereitungsanlagen (tHM)	Y			
CAP_BAST	Batteries - storage capacity	Batteries - capacité de stockage	Batterien - Speicherkapazität	Y			
CAP_BAP	Batteries - power capacity	Batteries - capacité de puissance	Batterien - Leistungskapazität	Y			
BA_G_ELC_I	Batteries - grid - electricity injected	Batteries - réseau - électricité injectée	Batterien - Netz - Elektrizität eingespeist	Y			
BA_G_ELC_U	Batteries - grid - electricity used	Batteries - réseau - électricité utilisée	Batterien - Netz - Elektrizität genutzt	Y			
